id,name,postcode,address,rating,reviewCount,category,lat,lng,bezirkId,bezirkName,hasDefamationNotice,removedMin,removedMax,removedEstimate,deletionRatioPct,realRatingAdjusted,removedText,url,readAt,placeState,status,error
0x47bc59fad5c163d5:0x9baff563dae9f853,#Paparazzi,35390,,,,,50.5830766,8.6800576,,,false,,,,,,,https://www.google.com/maps/place/%23Paparazzi/data=!4m7!3m6!1s0x47bc59fad5c163d5:0x9baff563dae9f853!8m2!3d50.5830766!4d8.6800576!16s%2Fg%2F11jkmpgr98!19sChIJ1WPB1fpZvEcRU_jp2mP1r5s?authuser=0&hl=de&rclk=1,2026-05-05T18:48:25Z,,error,context canceled; overview error: context canceled
0x47bc5893121cd98b:0xb7ef389db1904325,#imStress,35390,,,,,50.5777751,8.6818784,,,false,,,,,,,https://www.google.com/maps/place/%23imStress/data=!4m7!3m6!1s0x47bc5893121cd98b:0xb7ef389db1904325!8m2!3d50.5777751!4d8.6818784!16s%2Fg%2F11c4bcjgff!19sChIJi9kcEpNYvEcRJUOQsZ0477c?authuser=0&hl=de&rclk=1,2026-05-05T19:08:07Z,,error,context canceled; overview error: context canceled
0x47bc588af1e618dd:0x9bd5e78673829ef2,1. PBC Gießen 1986 e.V.,35390,,,,,50.5918211,8.6769374,,,false,,,,,,,https://www.google.com/maps/place/1.+PBC+Gie%C3%9Fen+1986+e.V./data=!4m7!3m6!1s0x47bc588af1e618dd:0x9bd5e78673829ef2!8m2!3d50.5918211!4d8.6769374!16s%2Fg%2F12hrmwvbt!19sChIJ3Rjm8YpYvEcR8p6Cc4bn1Zs?authuser=0&hl=de&rclk=1,2026-05-05T19:10:02Z,,error,context canceled; overview error: context canceled
0x47bc58e9d27cda91:0xb884ceb7a4761e2d,ADAC Gießen,35390,,,,,50.5847049,8.6713215,,,false,,,,,,,https://www.google.com/maps/place/ADAC+Gie%C3%9Fen/data=!4m7!3m6!1s0x47bc58e9d27cda91:0xb884ceb7a4761e2d!8m2!3d50.5847049!4d8.6713215!16s%2Fg%2F1tfj28k9!19sChIJkdp80ulYvEcRLR52pLfOhLg?authuser=0&hl=de&rclk=1,2026-05-05T19:15:36Z,,error,context canceled; overview error: context canceled
0x47bc58e860b65d77:0x1a5080aa614bc3e5,AKZENT Hotel Köhler S,35390,,,,,50.5832882,8.6689378,,,false,,,,,,,https://www.google.com/maps/place/AKZENT+Hotel+K%C3%B6hler+S/data=!4m7!3m6!1s0x47bc58e860b65d77:0x1a5080aa614bc3e5!8m2!3d50.5832882!4d8.6689378!16s%2Fg%2F1wnf04yv!19sChIJd122YOhYvEcR5cNLYaqAUBo?authuser=0&hl=de&rclk=1,2026-05-05T18:53:02Z,,error,context canceled; overview error: context canceled
0x47bc592e3feafbf3:0xd409c5fa9a35e048,AL Beautylounge,35390,,,,,50.5843362,8.6696932,,,false,,,,,,,https://www.google.com/maps/place/AL+Beautylounge/data=!4m7!3m6!1s0x47bc592e3feafbf3:0xd409c5fa9a35e048!8m2!3d50.5843362!4d8.6696932!16s%2Fg%2F11gkzy9r__!19sChIJ8_vqPy5ZvEcRSOA1mvrFCdQ?authuser=0&hl=de&rclk=1,2026-05-05T19:13:17Z,,error,context canceled; overview error: context canceled
0x47bc58e87fc11733:0x6451624578525d98,ALDI SÜD,35390,,,,,50.58311,8.66701,,,false,,,,,,,https://www.google.com/maps/place/ALDI+S%C3%9CD/data=!4m7!3m6!1s0x47bc58e87fc11733:0x6451624578525d98!8m2!3d50.58311!4d8.66701!16s%2Fg%2F1tqf_ft5!19sChIJMxfBf-hYvEcRmF1SeEViUWQ?authuser=0&hl=de&rclk=1,2026-05-05T19:01:09Z,,error,context canceled; overview error: context canceled
0x47bc58e880fdb0b9:0xc68a27d794878c19,Abraham Kiosk & Café,35390,,,,,50.5828941,8.6677393,,,false,,,,,,,https://www.google.com/maps/place/Abraham+Kiosk+%26+Caf%C3%A9/data=!4m7!3m6!1s0x47bc58e880fdb0b9:0xc68a27d794878c19!8m2!3d50.5828941!4d8.6677393!16s%2Fg%2F11rj63mb2v!19sChIJubD9gOhYvEcRGYyHlNcnisY?authuser=0&hl=de&rclk=1,2026-05-05T18:51:27Z,,error,context canceled; overview error: context canceled
0x47bc59470f80c321:0x46bc4bece836aa3c,Abu Karmo,35390,,,,,50.5857755,8.6730058,,,false,,,,,,,https://www.google.com/maps/place/Abu+Karmo/data=!4m7!3m6!1s0x47bc59470f80c321:0x46bc4bece836aa3c!8m2!3d50.5857755!4d8.6730058!16s%2Fg%2F11rx8xghpc!19sChIJIcOAD0dZvEcRPKo26OxLvEY?authuser=0&hl=de&rclk=1,2026-05-05T18:50:17Z,,error,context canceled; overview error: context canceled
0x47bc59005b5b7715:0x6b7c318be86a1d15,Algül Döner,35390,,,,,50.5894422,8.6757744,,,false,,,,,,,https://www.google.com/maps/place/Alg%C3%BCl+D%C3%B6ner/data=!4m7!3m6!1s0x47bc59005b5b7715:0x6b7c318be86a1d15!8m2!3d50.5894422!4d8.6757744!16s%2Fg%2F11lcrw7f8c!19sChIJFXdbWwBZvEcRFR1q6IsxfGs?authuser=0&hl=de&rclk=1,2026-05-05T19:04:15Z,,error,context canceled; overview error: context canceled
0x47bc58ef4441607d:0x1409ceb1e221b1da,Ali’s Fisch,35390,,,,,50.5796109,8.6675233,,,false,,,,,,,https://www.google.com/maps/place/Ali%E2%80%99s+Fisch/data=!4m7!3m6!1s0x47bc58ef4441607d:0x1409ceb1e221b1da!8m2!3d50.5796109!4d8.6675233!16s%2Fg%2F11c5t0lld0!19sChIJfWBBRO9YvEcR2rEh4rHOCRQ?authuser=0&hl=de&rclk=1,2026-05-05T18:56:09Z,,error,context canceled; overview error: context canceled
0x47bc58f201b1829d:0x85c44b55d719f056,Alte Brauereihöfe,35390,,,,,50.5745016,8.6719042,,,false,,,,,,,https://www.google.com/maps/place/Alte+Brauereih%C3%B6fe/data=!4m7!3m6!1s0x47bc58f201b1829d:0x85c44b55d719f056!8m2!3d50.5745016!4d8.6719042!16s%2Fg%2F11h65098xk!19sChIJnYKxAfJYvEcRVvAZ11VLxIU?authuser=0&hl=de&rclk=1,2026-05-05T19:12:30Z,,error,context canceled; overview error: context canceled
0x47bc58e60ac0ed51:0x635bbb6e938941f8,Alte Post,35390,,,,,50.580693,8.6649773,,,false,,,,,,,https://www.google.com/maps/place/Alte+Post/data=!4m7!3m6!1s0x47bc58e60ac0ed51:0x635bbb6e938941f8!8m2!3d50.580693!4d8.6649773!16s%2Fg%2F11gbfbwfdd!19sChIJUe3ACuZYvEcR-EGJk267W2M?authuser=0&hl=de&rclk=1,2026-05-05T19:12:17Z,,error,context canceled; overview error: context canceled
0x47bc58ddb27d9dc9:0x889465cce43252ac,Alter Schlachthof Gießen,35390,,,,,50.5875322,8.664028,,,false,,,,,,,https://www.google.com/maps/place/Alter+Schlachthof+Gie%C3%9Fen/data=!4m7!3m6!1s0x47bc58ddb27d9dc9:0x889465cce43252ac!8m2!3d50.5875322!4d8.664028!16s%2Fg%2F1tdm7fg5!19sChIJyZ19st1YvEcRrFIy5MxllIg?authuser=0&hl=de&rclk=1,2026-05-05T19:07:09Z,,error,context canceled; overview error: context canceled
0x47bc58d1e2f8e02d:0x474df17aa11f5c78,"Altes Eishaus, Hotel & Restaurant",35390,,,,,50.6001758,8.6721765,,,false,,,,,,,"https://www.google.com/maps/place/Altes+Eishaus,+Hotel+%26+Restaurant/data=!4m10!3m9!1s0x47bc58d1e2f8e02d:0x474df17aa11f5c78!5m2!4m1!1i2!8m2!3d50.6001758!4d8.6721765!16s%2Fg%2F1v16pdrz!19sChIJLeD44tFYvEcReFwfoXrxTUc?authuser=0&hl=de&rclk=1",2026-05-05T19:12:14Z,,error,context canceled; overview error: context canceled
0x47bc58eb18f23963:0x3d8dfe2c81847f33,Ascot,35390,,,,,50.58178,8.67856,,,false,,,,,,,https://www.google.com/maps/place/Ascot/data=!4m7!3m6!1s0x47bc58eb18f23963:0x3d8dfe2c81847f33!8m2!3d50.58178!4d8.67856!16s%2Fg%2F1tgw9093!19sChIJYznyGOtYvEcRM3-EgSz-jT0?authuser=0&hl=de&rclk=1,2026-05-05T19:11:56Z,,error,context canceled; overview error: context canceled
0x47bc59a598be931d:0x20037384e4693ad4,Asia Wok & Sushi 2 Go Gießen,35390,,,,,50.57991,8.66433,,,false,,,,,,,https://www.google.com/maps/place/Asia+Wok+%26+Sushi+2+Go+Gie%C3%9Fen/data=!4m7!3m6!1s0x47bc59a598be931d:0x20037384e4693ad4!8m2!3d50.57991!4d8.66433!16s%2Fg%2F11f5_2kvwf!19sChIJHZO-mKVZvEcR1Dpp5IRzAyA?authuser=0&hl=de&rclk=1,2026-05-05T18:55:28Z,,error,context canceled; overview error: context canceled
0x47bc59679cb25667:0x14613a97180ec855,Au Lac Restaurant & Eventlocation Gießen,35390,,4.7,751,Restaurant,50.5921311,8.6710196,,,true,201,250,225.5,23.09,3.846,201 bis 250 Bewertungen aufgrund von Beschwerden wegen Diffamierung entfernt.,https://www.google.com/maps/place/Au+Lac+Restaurant+%26+Eventlocation+Gie%C3%9Fen/data=!4m7!3m6!1s0x47bc59679cb25667:0x14613a97180ec855!8m2!3d50.5921311!4d8.6710196!16s%2Fg%2F11fyzb5x8x!19sChIJZ1aynGdZvEcRVcgOGJc6YRQ?authuser=0&hl=de&rclk=1,2026-05-05T18:23:19Z,active,success,
0x47bc58e883826b2d:0xe61d0e513d205911,Aydin's Grill,35390,,,,,50.5825963,8.6672946,,,false,,,,,,,https://www.google.com/maps/place/Aydin%27s+Grill/data=!4m7!3m6!1s0x47bc58e883826b2d:0xe61d0e513d205911!8m2!3d50.5825963!4d8.6672946!16s%2Fg%2F11cn32w2w1!19sChIJLWuCg-hYvEcREVkgPVEOHeY?authuser=0&hl=de&rclk=1,2026-05-05T18:55:53Z,,error,context canceled; overview error: context canceled
0x47bc59a099255c47:0xcff1f1809b031b28,B&B HOTEL Gießen-City,35390,,,,,50.5851622,8.6686666,,,false,,,,,,,https://www.google.com/maps/place/B%26B+HOTEL+Gie%C3%9Fen-City/data=!4m10!3m9!1s0x47bc59a099255c47:0xcff1f1809b031b28!5m2!4m1!1i2!8m2!3d50.5851622!4d8.6686666!16s%2Fg%2F11q3lqn00s!19sChIJR1wlmaBZvEcRKBsDm4Dx8c8?authuser=0&hl=de&rclk=1,2026-05-05T19:07:04Z,,error,context canceled; overview error: context canceled
0x47bc59d40320d5f7:0xd82f26b8d0d42de1,BackWerk,35390,,,,,50.5830435,8.6719627,,,false,,,,,,,https://www.google.com/maps/place/BackWerk/data=!4m7!3m6!1s0x47bc59d40320d5f7:0xd82f26b8d0d42de1!8m2!3d50.5830435!4d8.6719627!16s%2Fg%2F11ylzm97zl!19sChIJ99UgA9RZvEcR4S3U0LgmL9g?authuser=0&hl=de&rclk=1,2026-05-05T19:02:51Z,,error,context canceled; overview error: context canceled
0x47bc590041433095:0x96ef1b0f45e6f87d,Bahn Cafe Gießen,35390,,,,,50.5789622,8.6623381,,,false,,,,,,,https://www.google.com/maps/place/Bahn+Cafe+Gie%C3%9Fen/data=!4m7!3m6!1s0x47bc590041433095:0x96ef1b0f45e6f87d!8m2!3d50.5789622!4d8.6623381!16s%2Fg%2F11wvcq2mgj!19sChIJlTBDQQBZvEcRffjmRQ8b75Y?authuser=0&hl=de&rclk=1,2026-05-05T18:48:29Z,,error,context canceled; overview error: context canceled
0x47bc590fc50a086b:0x1b9d969f521bb067,Balkan Grill Giessen,35390,,4.3,96,Restaurant,50.594561,8.709308,,,true,6,10,8,7.69,4.046,Sechs bis zehn Bewertungen aufgrund von Beschwerden wegen Diffamierung entfernt.,https://www.google.com/maps/place/Balkan+Grill+Giessen/data=!4m7!3m6!1s0x47bc590fc50a086b:0x1b9d969f521bb067!8m2!3d50.594561!4d8.709308!16s%2Fg%2F11jt268kpw!19sChIJawgKxQ9ZvEcRZ7AbUp-WnRs?authuser=0&hl=de&rclk=1,2026-05-05T18:23:09Z,active,success,
0x47bc58c2efae585d:0xf55911fedfcff33c,Bao Anh,35390,,,,,50.5872444,8.6709088,,,false,,,,,,,https://www.google.com/maps/place/Bao+Anh/data=!4m7!3m6!1s0x47bc58c2efae585d:0xf55911fedfcff33c!8m2!3d50.5872444!4d8.6709088!16s%2Fg%2F11xsrd4wb!19sChIJXViu78JYvEcRPPPP3_4RWfU?authuser=0&hl=de&rclk=1,2026-05-05T18:56:17Z,,error,context canceled; overview error: context canceled
0x47bc58934143f113:0x406b5f2102b387a5,Bar 1,35390,,,,,50.5783982,8.680638,,,false,,,,,,,https://www.google.com/maps/place/Bar+1/data=!4m7!3m6!1s0x47bc58934143f113:0x406b5f2102b387a5!8m2!3d50.5783982!4d8.680638!16s%2Fg%2F11rhdsm9zg!19sChIJE_FDQZNYvEcRpYezAiFfa0A?authuser=0&hl=de&rclk=1,2026-05-05T19:11:20Z,,error,context canceled; overview error: context canceled
0x47bc58fb2627d405:0x893fc4f0d0fc6f2a,Barcelona Tapas Bar Giessen,35390,,,,,50.5749232,8.661148,,,false,,,,,,,https://www.google.com/maps/place/Barcelona+Tapas+Bar+Giessen/data=!4m7!3m6!1s0x47bc58fb2627d405:0x893fc4f0d0fc6f2a!8m2!3d50.5749232!4d8.661148!16s%2Fg%2F11bwflkgcn!19sChIJBdQnJvtYvEcRKm_80PDEP4k?authuser=0&hl=de&rclk=1,2026-05-05T18:58:55Z,,error,context canceled; overview error: context canceled
0x47bc58c1d6e10957:0x46fb8d1784c5af88,Basilico Ristorante & Bar - Gießen,35390,,4.4,1985,Restaurant,50.5851258,8.6774136,,,true,11,20,15.5,0.77,4.374,11 bis 20 Bewertungen aufgrund von Beschwerden wegen Diffamierung entfernt.,https://www.google.com/maps/place/Basilico+Ristorante+%26+Bar+-+Gie%C3%9Fen/data=!4m7!3m6!1s0x47bc58c1d6e10957:0x46fb8d1784c5af88!8m2!3d50.5851258!4d8.6774136!16s%2Fg%2F11fzwd6013!19sChIJVwnh1sFYvEcRiK_FhBeN-0Y?authuser=0&hl=de&rclk=1,2026-05-05T18:23:34Z,active,success,
0x47bc5f4f38d252a3:0x92bbc5367072c6e6,Beauty Lounge Larissa,35390,,,,,50.5919996,8.6625727,,,false,,,,,,,https://www.google.com/maps/place/Beauty+Lounge+Larissa/data=!4m7!3m6!1s0x47bc5f4f38d252a3:0x92bbc5367072c6e6!8m2!3d50.5919996!4d8.6625727!16s%2Fg%2F1thr68sd!19sChIJo1LSOE9fvEcR5sZycDbFu5I?authuser=0&hl=de&rclk=1,2026-05-05T19:13:21Z,,error,context canceled; overview error: context canceled
0x47bc59ecbb708f13:0x2658e4725e5dae17,Beef Bra's Giessen - Burger Restaurant,35390,,,,,50.5844318,8.6716166,,,false,,,,,,,https://www.google.com/maps/place/Beef+Bra%27s+Giessen+-+Burger+Restaurant/data=!4m7!3m6!1s0x47bc59ecbb708f13:0x2658e4725e5dae17!8m2!3d50.5844318!4d8.6716166!16s%2Fg%2F11zjbchq_8!19sChIJE49wu-xZvEcRF65dXnLkWCY?authuser=0&hl=de&rclk=1,2026-05-05T19:05:43Z,,error,context canceled; overview error: context canceled
0x47bc5948252201ab:0x5ba1b5f918fc85a8,Beklen's Grill Gießen,35390,,,,,50.5761207,8.6631512,,,false,,,,,,,https://www.google.com/maps/place/Beklen%27s+Grill+Gie%C3%9Fen/data=!4m7!3m6!1s0x47bc5948252201ab:0x5ba1b5f918fc85a8!8m2!3d50.5761207!4d8.6631512!16s%2Fg%2F11gy3jmqqg!19sChIJqwEiJUhZvEcRqIX8GPm1oVs?authuser=0&hl=de&rclk=1,2026-05-05T18:54:59Z,,error,context canceled; overview error: context canceled
0x47bc5894f72b3a49:0x2668dd7a0b862a48,Best Western Plus Hotel Steinsgarten,35390,,,,,50.5811603,8.6833337,,,false,,,,,,,https://www.google.com/maps/place/Best+Western+Plus+Hotel+Steinsgarten/data=!4m10!3m9!1s0x47bc5894f72b3a49:0x2668dd7a0b862a48!5m2!4m1!1i2!8m2!3d50.5811603!4d8.6833337!16s%2Fg%2F1tdzf306!19sChIJSTor95RYvEcRSCqGC3rdaCY?authuser=0&hl=de&rclk=1,2026-05-05T19:07:28Z,,error,context canceled; overview error: context canceled
0x47bc58e8c9ebf9c9:0xb481321af87424b0,Bier Express,35390,,,,,50.58082,8.66824,,,false,,,,,,,https://www.google.com/maps/place/Bier+Express/data=!4m7!3m6!1s0x47bc58e8c9ebf9c9:0xb481321af87424b0!8m2!3d50.58082!4d8.66824!16s%2Fg%2F1tj3k5jz!19sChIJyfnryehYvEcRsCR0-BoygbQ?authuser=0&hl=de&rclk=1,2026-05-05T19:08:13Z,,error,context canceled; overview error: context canceled
0x47bc58ec4f669889:0x1d2a6c274a7b67e1,Bierhaus Klimbim,35390,,,,,50.5778815,8.674633,,,false,,,,,,,https://www.google.com/maps/place/Bierhaus+Klimbim/data=!4m7!3m6!1s0x47bc58ec4f669889:0x1d2a6c274a7b67e1!8m2!3d50.5778815!4d8.674633!16s%2Fg%2F1v5_8jtw!19sChIJiZhmT-xYvEcR4Wd7SidsKh0?authuser=0&hl=de&rclk=1,2026-05-05T19:09:03Z,,error,context canceled; overview error: context canceled
0x47bc59dd33ea73ef:0x6659917fc0835023,Bistro Moskau,35390,,,,,50.5958573,8.6676247,,,false,,,,,,,https://www.google.com/maps/place/Bistro+Moskau/data=!4m7!3m6!1s0x47bc59dd33ea73ef:0x6659917fc0835023!8m2!3d50.5958573!4d8.6676247!16s%2Fg%2F11h7c8cwyh!19sChIJ73PqM91ZvEcRI1CDwH-RWWY?authuser=0&hl=de&rclk=1,2026-05-05T18:55:48Z,,error,context canceled; overview error: context canceled
0x47bc596341a8d35d:0x65de052c5424a076,Blue Nile Gießen,35390,,4.9,457,Restaurant,50.5833063,8.6682499,,,false,,,,,,,https://www.google.com/maps/place/Blue+Nile+Gie%C3%9Fen/data=!4m7!3m6!1s0x47bc596341a8d35d:0x65de052c5424a076!8m2!3d50.5833063!4d8.6682499!16s%2Fg%2F11f5v9hxdc!19sChIJXdOoQWNZvEcRdqAkVCwF3mU?authuser=0&hl=de&rclk=1,2026-05-05T18:45:23Z,active,success,
0x47bc58ea98f22f7d:0x3cd82279d800b629,Bolero Gießen,35390,,,,,50.5841582,8.6793379,,,false,,,,,,,https://www.google.com/maps/place/Bolero+Gie%C3%9Fen/data=!4m7!3m6!1s0x47bc58ea98f22f7d:0x3cd82279d800b629!8m2!3d50.5841582!4d8.6793379!16s%2Fg%2F12hn3q1fj!19sChIJfS_ymOpYvEcRKbYA2Hki2Dw?authuser=0&hl=de&rclk=1,2026-05-05T18:48:57Z,,error,context canceled; overview error: context canceled
0x47bc59003e26ff45:0x5bfb1004b75ffdc1,Bonazima,35390,,,,,50.5892115,8.6767098,,,false,,,,,,,https://www.google.com/maps/place/Bonazima/data=!4m7!3m6!1s0x47bc59003e26ff45:0x5bfb1004b75ffdc1!8m2!3d50.5892115!4d8.6767098!16s%2Fg%2F11xcrkjq21!19sChIJRf8mPgBZvEcRwf1ftwQQ-1s?authuser=0&hl=de&rclk=1,2026-05-05T18:54:55Z,,error,context canceled; overview error: context canceled
0x47bc58c34cbb5d09:0x242dd04e9d79c4ab,Bootshaus Gießen,35390,,4.3,1953,Restaurant,50.589897,8.669664,,,false,,,,,,,https://www.google.com/maps/place/Bootshaus+Gie%C3%9Fen/data=!4m7!3m6!1s0x47bc58c34cbb5d09:0x242dd04e9d79c4ab!8m2!3d50.589897!4d8.669664!16s%2Fg%2F1tyyw6wy!19sChIJCV27TMNYvEcRq8R5nU7QLSQ?authuser=0&hl=de&rclk=1,2026-05-05T18:23:39Z,active,success,
0x47bc59e6b513067d:0xb310707c7ab2aba6,Bra Lounge bar,35390,,,,,50.5889512,8.675661,,,false,,,,,,,https://www.google.com/maps/place/Bra+Lounge+bar/data=!4m7!3m6!1s0x47bc59e6b513067d:0xb310707c7ab2aba6!8m2!3d50.5889512!4d8.675661!16s%2Fg%2F11xh7rx0ks!19sChIJfQYTteZZvEcRpquyenxwELM?authuser=0&hl=de&rclk=1,2026-05-05T19:08:41Z,,error,context canceled; overview error: context canceled
0x47bc58e53a498f19:0x473af01695813a1e,Brasserie zum Gambrinus Gießen,35390,,,,,50.57648,8.66299,,,false,,,,,,,https://www.google.com/maps/place/Brasserie+zum+Gambrinus+Gie%C3%9Fen/data=!4m7!3m6!1s0x47bc58e53a498f19:0x473af01695813a1e!8m2!3d50.57648!4d8.66299!16s%2Fg%2F1tdy_1sd!19sChIJGY9JOuVYvEcRHjqBlRbwOkc?authuser=0&hl=de&rclk=1,2026-05-05T18:50:20Z,,error,context canceled; overview error: context canceled
0x47bc58c2da92c3e3:0xea5ed0e06858408c,Brennpunkt Gießen,35390,,,,,50.587272,8.6706875,,,false,,,,,,,https://www.google.com/maps/place/Brennpunkt+Gie%C3%9Fen/data=!4m7!3m6!1s0x47bc58c2da92c3e3:0xea5ed0e06858408c!8m2!3d50.587272!4d8.6706875!16s%2Fg%2F1tlqp2v9!19sChIJ48OS2sJYvEcRjEBYaODQXuo?authuser=0&hl=de&rclk=1,2026-05-05T18:52:38Z,,error,context canceled; overview error: context canceled
0x47bc59b1673dccf7:0x88796bcf9e0ec5b3,Brot Atelier - Boulangerie,35390,,,,,50.5858787,8.6745799,,,false,,,,,,,https://www.google.com/maps/place/Brot+Atelier+-+Boulangerie/data=!4m7!3m6!1s0x47bc59b1673dccf7:0x88796bcf9e0ec5b3!8m2!3d50.5858787!4d8.6745799!16s%2Fg%2F11jk_0sngx!19sChIJ98w9Z7FZvEcRs8UOns9reYg?authuser=0&hl=de&rclk=1,2026-05-05T18:59:55Z,,error,context canceled; overview error: context canceled
0x47bc5977925034a1:0x313bfff773e909b1,Burger King Gießen,35390,,,,,50.5892328,8.7083639,,,false,,,,,,,https://www.google.com/maps/place/Burger+King+Gie%C3%9Fen/data=!4m7!3m6!1s0x47bc5977925034a1:0x313bfff773e909b1!8m2!3d50.5892328!4d8.7083639!16s%2Fg%2F11qqn0nyd9!19sChIJoTRQkndZvEcRsQnpc_f_OzE?authuser=0&hl=de&rclk=1,2026-05-05T19:04:48Z,,error,context canceled; overview error: context canceled
0x47bc588576e7d6fd:0x8b99261ad146bdc1,Burger King Gießen,35390,,,,,50.5714455,8.6917562,,,false,,,,,,,https://www.google.com/maps/place/Burger+King+Gie%C3%9Fen/data=!4m7!3m6!1s0x47bc588576e7d6fd:0x8b99261ad146bdc1!8m2!3d50.5714455!4d8.6917562!16s%2Fg%2F1vm79kv_!19sChIJ_dbndoVYvEcRwb1G0RommYs?authuser=0&hl=de&rclk=1,2026-05-05T19:05:03Z,,error,context canceled; overview error: context canceled
0x47bc58c3e11a697b:0x41935ca2c9ffe2fa,Burgerholic Gießen,35390,,,,,50.5799814,8.6741241,,,false,,,,,,,https://www.google.com/maps/place/Burgerholic+Gie%C3%9Fen/data=!4m7!3m6!1s0x47bc58c3e11a697b:0x41935ca2c9ffe2fa!8m2!3d50.5799814!4d8.6741241!16s%2Fg%2F11g7z6f6jn!19sChIJe2ka4cNYvEcR-uL_yaJck0E?authuser=0&hl=de&rclk=1,2026-05-05T18:53:11Z,,error,context canceled; overview error: context canceled
0x47bc5927f386d8eb:0xf6d42186d39a116,Burger´s Gießen,35390,,,,,50.5915404,8.6767681,,,false,,,,,,,https://www.google.com/maps/place/Burger%C2%B4s+Gie%C3%9Fen/data=!4m7!3m6!1s0x47bc5927f386d8eb:0xf6d42186d39a116!8m2!3d50.5915404!4d8.6767681!16s%2Fg%2F11jms3k0fr!19sChIJ69iG8ydZvEcRFqE5bRhCbQ8?authuser=0&hl=de&rclk=1,2026-05-05T18:59:39Z,,error,context canceled; overview error: context canceled
0x47bc5903bf690563:0xc41af6416b348662,Byblos Restaurant,35390,,4.8,542,Restaurant,50.5806818,8.6677443,,,false,,,,,,,https://www.google.com/maps/place/Byblos+Restaurant/data=!4m7!3m6!1s0x47bc5903bf690563:0xc41af6416b348662!8m2!3d50.5806818!4d8.6677443!16s%2Fg%2F11t99r1j8p!19sChIJYwVpvwNZvEcRYoY0a0H2GsQ?authuser=0&hl=de&rclk=1,2026-05-05T18:24:02Z,active,success,
0x47bc5928cd87cca7:0x6ae7701fc2503c31,Bäcker Müller,35390,,,,,50.5844417,8.6499912,,,false,,,,,,,https://www.google.com/maps/place/B%C3%A4cker+M%C3%BCller/data=!4m7!3m6!1s0x47bc5928cd87cca7:0x6ae7701fc2503c31!8m2!3d50.5844417!4d8.6499912!16s%2Fg%2F11y2mrkl4r!19sChIJp8yHzShZvEcRMTxQwh9w52o?authuser=0&hl=de&rclk=1,2026-05-05T19:02:05Z,,error,context canceled; overview error: context canceled
0x47bc58c7c4fad541:0x25b2f63d9e2c63e3,Bäcker Müller,35390,,,,,50.5941125,8.6818893,,,false,,,,,,,https://www.google.com/maps/place/B%C3%A4cker+M%C3%BCller/data=!4m7!3m6!1s0x47bc58c7c4fad541:0x25b2f63d9e2c63e3!8m2!3d50.5941125!4d8.6818893!16s%2Fg%2F1thxk5f9!19sChIJQdX6xMdYvEcR42Msnj32siU?authuser=0&hl=de&rclk=1,2026-05-05T19:01:28Z,,error,context canceled; overview error: context canceled
0x47bc5948d395e08d:0x1e40a49a0f228e38,Bäcker Müller,35390,,,,,50.5700322,8.690764,,,false,,,,,,,https://www.google.com/maps/place/B%C3%A4cker+M%C3%BCller/data=!4m7!3m6!1s0x47bc5948d395e08d:0x1e40a49a0f228e38!8m2!3d50.5700322!4d8.690764!16s%2Fg%2F11vzs9r7sv!19sChIJjeCV00hZvEcROI4iD5qkQB4?authuser=0&hl=de&rclk=1,2026-05-05T19:02:46Z,,error,context canceled; overview error: context canceled
0x47bc5891deb310c7:0x3d39cf79c033482e,Bäcker Müller,35390,,,,,50.57403,8.68675,,,false,,,,,,,https://www.google.com/maps/place/B%C3%A4cker+M%C3%BCller/data=!4m7!3m6!1s0x47bc5891deb310c7:0x3d39cf79c033482e!8m2!3d50.57403!4d8.68675!16s%2Fg%2F1td1_cdt!19sChIJxxCz3pFYvEcRLkgzwHnPOT0?authuser=0&hl=de&rclk=1,2026-05-05T19:01:17Z,,error,context canceled; overview error: context canceled
0x47bc58ecda62b317:0x6947b1392de27c40,Bäcker Müller,35390,,,,,50.5772098,8.6793473,,,false,,,,,,,https://www.google.com/maps/place/B%C3%A4cker+M%C3%BCller/data=!4m7!3m6!1s0x47bc58ecda62b317:0x6947b1392de27c40!8m2!3d50.5772098!4d8.6793473!16s%2Fg%2F11hbmvccvm!19sChIJF7Ni2uxYvEcRQHziLTmxR2k?authuser=0&hl=de&rclk=1,2026-05-05T19:01:00Z,,error,context canceled; overview error: context canceled
0x47bcf7afa0190411:0x8e54af0f1e83499e,Bäckerbrötchen,35390,,,,,50.5872376,8.7124975,,,false,,,,,,,https://www.google.com/maps/place/B%C3%A4ckerbr%C3%B6tchen/data=!4m7!3m6!1s0x47bcf7afa0190411:0x8e54af0f1e83499e!8m2!3d50.5872376!4d8.7124975!16s%2Fg%2F11wn9x85pq!19sChIJEQQZoK_3vEcRnkmDHg-vVI4?authuser=0&hl=de&rclk=1,2026-05-05T19:02:53Z,,error,context canceled; overview error: context canceled
0x47bcf5d4f3d16da7:0x80c6e03fcb65557f,Bäckerei & Konditorei Volkmann GmbH,35390,,,,,50.6099679,8.7161552,,,false,,,,,,,https://www.google.com/maps/place/B%C3%A4ckerei+%26+Konditorei+Volkmann+GmbH/data=!4m7!3m6!1s0x47bcf5d4f3d16da7:0x80c6e03fcb65557f!8m2!3d50.6099679!4d8.7161552!16s%2Fg%2F11ry4v6m1l!19sChIJp23R89T1vEcRf1Vlyz_gxoA?authuser=0&hl=de&rclk=1,2026-05-05T19:01:43Z,,error,context canceled; overview error: context canceled
0x47bc59141268fac1:0x3b95f56378c725e7,Bäckerei & Konditorei Volkmann GmbH,35390,,,,,50.583821,8.6325771,,,false,,,,,,,https://www.google.com/maps/place/B%C3%A4ckerei+%26+Konditorei+Volkmann+GmbH/data=!4m7!3m6!1s0x47bc59141268fac1:0x3b95f56378c725e7!8m2!3d50.583821!4d8.6325771!16s%2Fg%2F1tdb7yxt!19sChIJwfpoEhRZvEcR5yXHeGP1lTs?authuser=0&hl=de&rclk=1,2026-05-05T19:03:22Z,,error,context canceled; overview error: context canceled
0x47bc594637bf8ceb:0x50b311c0e322ec8,Bäckerei & Konditorei Volkmann GmbH,35390,,,,,50.5980137,8.6270477,,,false,,,,,,,https://www.google.com/maps/place/B%C3%A4ckerei+%26+Konditorei+Volkmann+GmbH/data=!4m7!3m6!1s0x47bc594637bf8ceb:0x50b311c0e322ec8!8m2!3d50.5980137!4d8.6270477!16s%2Fg%2F1tfc5qlm!19sChIJ64y_N0ZZvEcRyC4yDhwxCwU?authuser=0&hl=de&rclk=1,2026-05-05T19:03:08Z,,error,context canceled; overview error: context canceled
0x47bc59c54a5280f9:0xc4bb2ee87878faf6,Bäckerei & Konditorei Volkmann GmbH,35390,,,,,50.5824609,8.6704912,,,false,,,,,,,https://www.google.com/maps/place/B%C3%A4ckerei+%26+Konditorei+Volkmann+GmbH/data=!4m7!3m6!1s0x47bc59c54a5280f9:0xc4bb2ee87878faf6!8m2!3d50.5824609!4d8.6704912!16s%2Fg%2F11qp4jcwqd!19sChIJ-YBSSsVZvEcR9vp4eOguu8Q?authuser=0&hl=de&rclk=1,2026-05-05T19:00:09Z,,error,context canceled; overview error: context canceled
0x47bc59b19dbccba3:0x9203fc7b014bf712,Bäckerei & Konditorei Volkmann GmbH,35390,,,,,50.5533156,8.6376204,,,false,,,,,,,https://www.google.com/maps/place/B%C3%A4ckerei+%26+Konditorei+Volkmann+GmbH/data=!4m7!3m6!1s0x47bc59b19dbccba3:0x9203fc7b014bf712!8m2!3d50.5533156!4d8.6376204!16s%2Fg%2F1vyk1m8f!19sChIJo8u8nbFZvEcREvdLAXv8A5I?authuser=0&hl=de&rclk=1,2026-05-05T19:03:45Z,,error,context canceled; overview error: context canceled
0x4173b5be39327599:0x7f9303e6eba15be3,Bäckerei Bernd Bender,35390,,,,,50.571583,8.6596976,,,false,,,,,,,https://www.google.com/maps/place/B%C3%A4ckerei+Bernd+Bender/data=!4m7!3m6!1s0x4173b5be39327599:0x7f9303e6eba15be3!8m2!3d50.571583!4d8.6596976!16s%2Fg%2F1vb9c50v!19sChIJmXUyOb61c0ER41uh6-YDk38?authuser=0&hl=de&rclk=1,2026-05-05T19:01:38Z,,error,context canceled; overview error: context canceled
0x47bc59b5247ac16f:0x206b50c3145bee08,Bäckerei Braun,35390,,,,,50.56839,8.65762,,,false,,,,,,,https://www.google.com/maps/place/B%C3%A4ckerei+Braun/data=!4m7!3m6!1s0x47bc59b5247ac16f:0x206b50c3145bee08!8m2!3d50.56839!4d8.65762!16s%2Fg%2F11j006tt7z!19sChIJb8F6JLVZvEcRCO5bFMNQayA?authuser=0&hl=de&rclk=1,2026-05-05T19:01:46Z,,error,context canceled; overview error: context canceled
0x47bc590e46f0c1c9:0x213d6bdd6bc68efb,Bäckerei Breakpoint und Catering,35390,,,,,50.5818787,8.6780989,,,false,,,,,,,https://www.google.com/maps/place/B%C3%A4ckerei+Breakpoint+und+Catering/data=!4m7!3m6!1s0x47bc590e46f0c1c9:0x213d6bdd6bc68efb!8m2!3d50.5818787!4d8.6780989!16s%2Fg%2F11fj1_0lg7!19sChIJycHwRg5ZvEcR-47Ga91rPSE?authuser=0&hl=de&rclk=1,2026-05-05T19:00:52Z,,error,context canceled; overview error: context canceled
0x47bc5944cc324bfb:0x6f20c1a6d6ec0b4c,Bäckerei Künkel,35390,,,,,50.5649551,8.6784903,,,false,,,,,,,https://www.google.com/maps/place/B%C3%A4ckerei+K%C3%BCnkel/data=!4m7!3m6!1s0x47bc5944cc324bfb:0x6f20c1a6d6ec0b4c!8m2!3d50.5649551!4d8.6784903!16s%2Fg%2F11jl2s3n6v!19sChIJ-0syzERZvEcRTAvs1qbBIG8?authuser=0&hl=de&rclk=1,2026-05-05T19:03:03Z,,error,context canceled; overview error: context canceled
0x47bc594a6f6f1d3d:0x845542aa789ca16b,Bäckerei Künkel,35390,,,,,50.5782824,8.6657936,,,false,,,,,,,https://www.google.com/maps/place/B%C3%A4ckerei+K%C3%BCnkel/data=!4m7!3m6!1s0x47bc594a6f6f1d3d:0x845542aa789ca16b!8m2!3d50.5782824!4d8.6657936!16s%2Fg%2F11tstyh97l!19sChIJPR1vb0pZvEcRa6GceKpCVYQ?authuser=0&hl=de&rclk=1,2026-05-05T19:01:36Z,,error,context canceled; overview error: context canceled
0x47bc58f177df81ad:0xa9f8433611e1caaf,Bäckerei Künkel,35390,,,,,50.5724194,8.6696501,,,false,,,,,,,https://www.google.com/maps/place/B%C3%A4ckerei+K%C3%BCnkel/data=!4m7!3m6!1s0x47bc58f177df81ad:0xa9f8433611e1caaf!8m2!3d50.5724194!4d8.6696501!16s%2Fg%2F1thkwcvb!19sChIJrYHfd_FYvEcRr8rhETZD-Kk?authuser=0&hl=de&rclk=1,2026-05-05T19:01:53Z,,error,context canceled; overview error: context canceled
0x47bc58e9c1f083b9:0xa350205828e640d8,Bäckerei Künkel,35390,,,,,50.5842016,8.6725872,,,false,,,,,,,https://www.google.com/maps/place/B%C3%A4ckerei+K%C3%BCnkel/data=!4m7!3m6!1s0x47bc58e9c1f083b9:0xa350205828e640d8!8m2!3d50.5842016!4d8.6725872!16s%2Fg%2F11c4866nyn!19sChIJuYPwwelYvEcR2EDmKFggUKM?authuser=0&hl=de&rclk=1,2026-05-05T18:52:12Z,,error,context canceled; overview error: context canceled
0x47bc588e75455d77:0xa28a05a32681d038,Bäckerei Künkel,35390,,,,,50.572337,8.6858376,,,false,,,,,,,https://www.google.com/maps/place/B%C3%A4ckerei+K%C3%BCnkel/data=!4m7!3m6!1s0x47bc588e75455d77:0xa28a05a32681d038!8m2!3d50.572337!4d8.6858376!16s%2Fg%2F1ptw7yp1_!19sChIJd11FdY5YvEcRONCBJqMFiqI?authuser=0&hl=de&rclk=1,2026-05-05T19:02:13Z,,error,context canceled; overview error: context canceled
0x4173b5863c2fd8ad:0xac759fb4ca4bcc05,Bäckerei Moos GmbH,35390,,,,,50.5868928,8.6344039,,,false,,,,,,,https://www.google.com/maps/place/B%C3%A4ckerei+Moos+GmbH/data=!4m7!3m6!1s0x4173b5863c2fd8ad:0xac759fb4ca4bcc05!8m2!3d50.5868928!4d8.6344039!16s%2Fg%2F12lrbvs40!19sChIJrdgvPIa1c0ERBcxLyrSfdaw?authuser=0&hl=de&rclk=1,2026-05-05T19:03:25Z,,error,context canceled; overview error: context canceled
0x47bc58dc4e0d594d:0x45d36113180e373c,Bäckerei Moos GmbH,35390,,,,,50.5866475,8.670737,,,false,,,,,,,https://www.google.com/maps/place/B%C3%A4ckerei+Moos+GmbH/data=!4m7!3m6!1s0x47bc58dc4e0d594d:0x45d36113180e373c!8m2!3d50.5866475!4d8.670737!16s%2Fg%2F1vgqc5yn!19sChIJTVkNTtxYvEcRPDcOGBNh00U?authuser=0&hl=de&rclk=1,2026-05-05T19:03:50Z,,error,context canceled; overview error: context canceled
0x47bc5854a26b4211:0x215d1f94c85e08d6,Bäckerei Moos GmbH,35390,,,,,50.5612942,8.6488062,,,false,,,,,,,https://www.google.com/maps/place/B%C3%A4ckerei+Moos+GmbH/data=!4m7!3m6!1s0x47bc5854a26b4211:0x215d1f94c85e08d6!8m2!3d50.5612942!4d8.6488062!16s%2Fg%2F11g6q3q4ks!19sChIJEUJrolRYvEcR1gheyJQfXSE?authuser=0&hl=de&rclk=1,2026-05-05T19:03:17Z,,error,context canceled; overview error: context canceled
0x47bc58e5d8b67537:0xfd77ef5032da707b,Bäckerei Moos GmbH,35390,,,,,50.580506,8.66427,,,false,,,,,,,https://www.google.com/maps/place/B%C3%A4ckerei+Moos+GmbH/data=!4m7!3m6!1s0x47bc58e5d8b67537:0xfd77ef5032da707b!8m2!3d50.580506!4d8.66427!16s%2Fg%2F11cn3px9yc!19sChIJN3W22OVYvEcRe3DaMlDvd_0?authuser=0&hl=de&rclk=1,2026-05-05T19:01:58Z,,error,context canceled; overview error: context canceled
0x47bc59007112bd25:0x67f143e8080bfb0f,Bäckerei Moos GmbH,35390,,,,,50.5772262,8.6639241,,,false,,,,,,,https://www.google.com/maps/place/B%C3%A4ckerei+Moos+GmbH/data=!4m7!3m6!1s0x47bc59007112bd25:0x67f143e8080bfb0f!8m2!3d50.5772262!4d8.6639241!16s%2Fg%2F11vybk1nkg!19sChIJJb0ScQBZvEcRD_sLCOhD8Wc?authuser=0&hl=de&rclk=1,2026-05-05T19:02:32Z,,error,context canceled; overview error: context canceled
0x47bc58c01f128665:0xf1dc44641024256e,Bäckerei Moos GmbH,35390,,,,,50.5849665,8.6797608,,,false,,,,,,,https://www.google.com/maps/place/B%C3%A4ckerei+Moos+GmbH/data=!4m7!3m6!1s0x47bc58c01f128665:0xf1dc44641024256e!8m2!3d50.5849665!4d8.6797608!16s%2Fg%2F11crzxm4_b!19sChIJZYYSH8BYvEcRbiUkEGRE3PE?authuser=0&hl=de&rclk=1,2026-05-05T19:00:46Z,,error,context canceled; overview error: context canceled
0x47bc5ebe91fbcdb3:0x5320966525d2c1c0,Bäckerei Norbert Seidl,35390,,,,,50.626559,8.6348887,,,false,,,,,,,https://www.google.com/maps/place/B%C3%A4ckerei+Norbert+Seidl/data=!4m7!3m6!1s0x47bc5ebe91fbcdb3:0x5320966525d2c1c0!8m2!3d50.626559!4d8.6348887!16s%2Fg%2F1tf7fsk0!19sChIJs837kb5evEcRwMHSJWWWIFM?authuser=0&hl=de&rclk=1,2026-05-05T19:03:42Z,,error,context canceled; overview error: context canceled
0x4173b58f966d15c9:0x55eb08d9bbbbfc1,Bäckerei Schwertfeger,35390,,,,,50.5828353,8.6273732,,,false,,,,,,,https://www.google.com/maps/place/B%C3%A4ckerei+Schwertfeger/data=!4m7!3m6!1s0x4173b58f966d15c9:0x55eb08d9bbbbfc1!8m2!3d50.5828353!4d8.6273732!16s%2Fg%2F1w2yykrb!19sChIJyRVtlo-1c0ERwb-7m42wXgU?authuser=0&hl=de&rclk=1,2026-05-05T19:02:59Z,,error,context canceled; overview error: context canceled
0x47bc59463754bfb1:0x9af0c59519276e07,Bäckerei Volkmann Drive-In & Café,35390,,,,,50.5980797,8.6274624,,,false,,,,,,,https://www.google.com/maps/place/B%C3%A4ckerei+Volkmann+Drive-In+%26+Caf%C3%A9/data=!4m7!3m6!1s0x47bc59463754bfb1:0x9af0c59519276e07!8m2!3d50.5980797!4d8.6274624!16s%2Fg%2F11gbxfk_wc!19sChIJsb9UN0ZZvEcRB24nGZXF8Jo?authuser=0&hl=de&rclk=1,2026-05-05T19:03:13Z,,error,context canceled; overview error: context canceled
0x47bc59c362604907:0xce16b66db95ba57d,Bäckerei und Lebensmittel Lützellinden,35390,,,,,50.5383934,8.621329,,,false,,,,,,,https://www.google.com/maps/place/B%C3%A4ckerei+und+Lebensmittel+L%C3%BCtzellinden/data=!4m7!3m6!1s0x47bc59c362604907:0xce16b66db95ba57d!8m2!3d50.5383934!4d8.621329!16s%2Fg%2F11b7y9dh1_!19sChIJB0lgYsNZvEcRfaVbuW22Fs4?authuser=0&hl=de&rclk=1,2026-05-05T19:03:38Z,,error,context canceled; overview error: context canceled
0x47bc59d30236edeb:0x7782f8e3ea745e07,CRUNCHY KEBAB,35390,,,,,50.5859243,8.6764657,,,false,,,,,,,https://www.google.com/maps/place/CRUNCHY+KEBAB/data=!4m7!3m6!1s0x47bc59d30236edeb:0x7782f8e3ea745e07!8m2!3d50.5859243!4d8.6764657!16s%2Fg%2F11y3l03spk!19sChIJ6-02AtNZvEcRB1506uP4gnc?authuser=0&hl=de&rclk=1,2026-05-05T18:54:19Z,,error,context canceled; overview error: context canceled
0x47bc58bfeaf21c6d:0x4a442b4f7f07145d,CVJM Giessen e.V.,35390,,,,,50.5800852,8.6750574,,,false,,,,,,,https://www.google.com/maps/place/CVJM+Giessen+e.V./data=!4m7!3m6!1s0x47bc58bfeaf21c6d:0x4a442b4f7f07145d!8m2!3d50.5800852!4d8.6750574!16s%2Fg%2F1td9zt28!19sChIJbRzy6r9YvEcRXRQHf08rREo?authuser=0&hl=de&rclk=1,2026-05-05T19:15:26Z,,error,context canceled; overview error: context canceled
0x47bc58c078d57ecd:0x20b4c507361f0e0e,Cafeteria CampusTor,35390,,,,,50.5869475,8.6816294,,,false,,,,,,,https://www.google.com/maps/place/Cafeteria+CampusTor/data=!4m7!3m6!1s0x47bc58c078d57ecd:0x20b4c507361f0e0e!8m2!3d50.5869475!4d8.6816294!16s%2Fg%2F12hmtn_w2!19sChIJzX7VeMBYvEcRDg4fNgfFtCA?authuser=0&hl=de&rclk=1,2026-05-05T19:07:14Z,,error,context canceled; overview error: context canceled
0x47bc5975038a2865:0x24a1811da8b389bb,Café 16h Gießen,35390,,,,,50.5880189,8.67436,,,false,,,,,,,https://www.google.com/maps/place/Caf%C3%A9+16h+Gie%C3%9Fen/data=!4m7!3m6!1s0x47bc5975038a2865:0x24a1811da8b389bb!8m2!3d50.5880189!4d8.67436!16s%2Fg%2F11rf7prlvj!19sChIJZSiKA3VZvEcRu4mzqB2BoSQ?authuser=0&hl=de&rclk=1,2026-05-05T18:49:50Z,,error,context canceled; overview error: context canceled
0x47bc5900037de2cf:0xbf68d2a080b5aa1f,Café Allée,35390,,4.7,147,Café / Konditorei,50.5867715,8.6819431,,,false,,,,,,,https://www.google.com/maps/place/Caf%C3%A9+All%C3%A9e/data=!4m7!3m6!1s0x47bc5900037de2cf:0xbf68d2a080b5aa1f!8m2!3d50.5867715!4d8.6819431!16s%2Fg%2F11wqyhztlq!19sChIJz-J9AwBZvEcRH6q1gKDSaL8?authuser=0&hl=de&rclk=1,2026-05-05T18:46:02Z,active,success,
0x47bc59003d02c06f:0x7b0dcb668840280e,Café Bar Da Nico pizzeria,35390,,,,,50.5856698,8.6725953,,,false,,,,,,,https://www.google.com/maps/place/Caf%C3%A9+Bar+Da+Nico+pizzeria/data=!4m7!3m6!1s0x47bc59003d02c06f:0x7b0dcb668840280e!8m2!3d50.5856698!4d8.6725953!16s%2Fg%2F11x5cq1_dv!19sChIJb8ACPQBZvEcRDihAiGbLDXs?authuser=0&hl=de&rclk=1,2026-05-05T18:48:22Z,,error,context canceled; overview error: context canceled
0x47bc590054499307:0xc98214ef4a67716e,Café Bonasima,35390,,,,,50.5860737,8.6961038,,,false,,,,,,,https://www.google.com/maps/place/Caf%C3%A9+Bonasima/data=!4m7!3m6!1s0x47bc590054499307:0xc98214ef4a67716e!8m2!3d50.5860737!4d8.6961038!16s%2Fg%2F11vz3rz88w!19sChIJB5NJVABZvEcRbnFnSu8Ugsk?authuser=0&hl=de&rclk=1,2026-05-05T19:06:41Z,,error,context canceled; overview error: context canceled
0x47bc58e9ce24f20b:0x66f82f75e55be0ba,Café Lieblingsmensch,35390,,4.4,792,Café / Konditorei,50.5844318,8.6716166,,,false,,,,,,,https://www.google.com/maps/place/Caf%C3%A9+Lieblingsmensch/data=!4m7!3m6!1s0x47bc58e9ce24f20b:0x66f82f75e55be0ba!8m2!3d50.5844318!4d8.6716166!16s%2Fg%2F11gcng_b2m!19sChIJC_IkzulYvEcRuuBb5XUv-GY?authuser=0&hl=de&rclk=1,2026-05-05T18:47:04Z,active,success,
0x47bc5982eee12f61:0x18d37e247bfc06bb,Café Luzi,35390,,4.7,13,Café / Konditorei,50.585174,8.6710989,,,false,,,,,,,https://www.google.com/maps/place/Caf%C3%A9+Luzi/data=!4m7!3m6!1s0x47bc5982eee12f61:0x18d37e247bfc06bb!8m2!3d50.585174!4d8.6710989!16s%2Fg%2F11ynw1bd7x!19sChIJYS_h7oJZvEcRuwb8eyR-0xg?authuser=0&hl=de&rclk=1,2026-05-05T18:46:13Z,active,success,
0x47bc58ec9c02de6b:0x860a3b8047551fb6,Café Vanilla Bar,35390,,,,,50.57941,8.677458,,,false,,,,,,,https://www.google.com/maps/place/Caf%C3%A9+Vanilla+Bar/data=!4m7!3m6!1s0x47bc58ec9c02de6b:0x860a3b8047551fb6!8m2!3d50.57941!4d8.677458!16s%2Fg%2F1tf3n0dz!19sChIJa94CnOxYvEcRth9VR4A7CoY?authuser=0&hl=de&rclk=1,2026-05-05T18:48:12Z,,error,context canceled; overview error: context canceled
0x47bc58e86bf665db:0xb13800be2d254426,Café Zeitlos,35390,,,,,50.5839555,8.6688716,,,false,,,,,,,https://www.google.com/maps/place/Caf%C3%A9+Zeitlos/data=!4m7!3m6!1s0x47bc58e86bf665db:0xb13800be2d254426!8m2!3d50.5839555!4d8.6688716!16s%2Fg%2F11clw7qjby!19sChIJ22X2a-hYvEcRJkQlLb4AOLE?authuser=0&hl=de&rclk=1,2026-05-05T18:48:16Z,,error,context canceled; overview error: context canceled
0x47bc59d7713e6961:0x5a60424b3988c18b,Capitol Shisha Bar,35390,,,,,50.5862815,8.674792,,,false,,,,,,,https://www.google.com/maps/place/Capitol+Shisha+Bar/data=!4m7!3m6!1s0x47bc59d7713e6961:0x5a60424b3988c18b!8m2!3d50.5862815!4d8.674792!16s%2Fg%2F11j_98znlt!19sChIJYWk-cddZvEcRi8GIOUtCYFo?authuser=0&hl=de&rclk=1,2026-05-05T18:50:00Z,,error,context canceled; overview error: context canceled
0x47bc589315ac2bbf:0x6a379880b2c99dc0,Central Döner,35390,,,,,50.5779091,8.6810098,,,false,,,,,,,https://www.google.com/maps/place/Central+D%C3%B6ner/data=!4m7!3m6!1s0x47bc589315ac2bbf:0x6a379880b2c99dc0!8m2!3d50.5779091!4d8.6810098!16s%2Fg%2F11fz9j_pcj!19sChIJvyusFZNYvEcRwJ3JsoCYN2o?authuser=0&hl=de&rclk=1,2026-05-05T18:55:13Z,,error,context canceled; overview error: context canceled
0x47bc58c26bb6a213:0x36e90423102da67,CentralBar Gießen,35390,,,,,50.58634,8.67307,,,false,,,,,,,https://www.google.com/maps/place/CentralBar+Gie%C3%9Fen/data=!4m7!3m6!1s0x47bc58c26bb6a213:0x36e90423102da67!8m2!3d50.58634!4d8.67307!16s%2Fg%2F1tf06sk1!19sChIJE6K2a8JYvEcRZ9oCMUKQbgM?authuser=0&hl=de&rclk=1,2026-05-05T18:49:00Z,,error,context canceled; overview error: context canceled
0x47bc594370e44f5f:0xb60ee548733b7af2,Chikiti Sushi & Asian Food,35390,,,,,50.5954081,8.68052,,,false,,,,,,,https://www.google.com/maps/place/Chikiti+Sushi+%26+Asian+Food/data=!4m7!3m6!1s0x47bc594370e44f5f:0xb60ee548733b7af2!8m2!3d50.5954081!4d8.68052!16s%2Fg%2F11q83z7w96!19sChIJX0_kcENZvEcR8no7c0jlDrY?authuser=0&hl=de&rclk=1,2026-05-05T18:55:43Z,,error,context canceled; overview error: context canceled
0x47bcf768a502b2a3:0xbf7f34255c15c269,Ciao! Ciao! Gießen,35390,,,,,50.5725414,8.712187,,,false,,,,,,,https://www.google.com/maps/place/Ciao!+Ciao!+Gie%C3%9Fen/data=!4m7!3m6!1s0x47bcf768a502b2a3:0xbf7f34255c15c269!8m2!3d50.5725414!4d8.712187!16s%2Fg%2F11v42kk_07!19sChIJo7ICpWj3vEcRacIVXCU0f78?authuser=0&hl=de&rclk=1,2026-05-05T18:58:29Z,,error,context canceled; overview error: context canceled
0x47bc58c18d06fca5:0x1fc0a940bfe78f63,Cigköfte 27 Gießen,35390,,,,,50.5864267,8.6758038,,,false,,,,,,,https://www.google.com/maps/place/Cigk%C3%B6fte+27+Gie%C3%9Fen/data=!4m7!3m6!1s0x47bc58c18d06fca5:0x1fc0a940bfe78f63!8m2!3d50.5864267!4d8.6758038!16s%2Fg%2F119tbnbdf!19sChIJpfwGjcFYvEcRY4_nv0CpwB8?authuser=0&hl=de&rclk=1,2026-05-05T18:49:38Z,,error,context canceled; overview error: context canceled
0x47bc58c416052293:0xadf69aa05cc34017,CigköfteCIM Gießen,35390,,,,,50.5880789,8.6754592,,,false,,,,,,,https://www.google.com/maps/place/Cigk%C3%B6fteCIM+Gie%C3%9Fen/data=!4m7!3m6!1s0x47bc58c416052293:0xadf69aa05cc34017!8m2!3d50.5880789!4d8.6754592!16s%2Fg%2F11g9nft2wt!19sChIJkyIFFsRYvEcRF0DDXKCa9q0?authuser=0&hl=de&rclk=1,2026-05-05T18:51:22Z,,error,context canceled; overview error: context canceled
0x47bc590e7da701f1:0xe42a63f9f0f6a9d7,City Point Gießen,35390,,,,,50.5857755,8.6730058,,,false,,,,,,,https://www.google.com/maps/place/City+Point+Gie%C3%9Fen/data=!4m7!3m6!1s0x47bc590e7da701f1:0xe42a63f9f0f6a9d7!8m2!3d50.5857755!4d8.6730058!16s%2Fg%2F11k44r332q!19sChIJ8QGnfQ5ZvEcR16n28PljKuQ?authuser=0&hl=de&rclk=1,2026-05-05T19:10:21Z,,error,context canceled; overview error: context canceled
0x47bc58c18a329da9:0x8f58631ef7e8e2e1,Coffee Bay,35390,,4.4,87,Café / Konditorei,50.5866699,8.6752078,,,false,,,,,,,https://www.google.com/maps/place/Coffee+Bay/data=!4m7!3m6!1s0x47bc58c18a329da9:0x8f58631ef7e8e2e1!8m2!3d50.5866699!4d8.6752078!16s%2Fg%2F11dx99dcny!19sChIJqZ0yisFYvEcR4eLo9x5jWI8?authuser=0&hl=de&rclk=1,2026-05-05T18:46:32Z,active,success,
0x47bc58c2dd627675:0x3369dfd971da14e,Coffee Bay,35390,,,,,50.5840443,8.672796,,,false,,,,,,,https://www.google.com/maps/place/Coffee+Bay/data=!4m7!3m6!1s0x47bc58c2dd627675:0x3369dfd971da14e!8m2!3d50.5840443!4d8.672796!16s%2Fg%2F1tcyk4hl!19sChIJdXZi3cJYvEcRTqEdl_2dNgM?authuser=0&hl=de&rclk=1,2026-05-05T18:47:30Z,,error,context canceled; overview error: context canceled
0x47bc58e5d990339f:0x47653918d7015d11,Coffee Bay,35390,,,,,50.5801889,8.6638167,,,false,,,,,,,https://www.google.com/maps/place/Coffee+Bay/data=!4m7!3m6!1s0x47bc58e5d990339f:0x47653918d7015d11!8m2!3d50.5801889!4d8.6638167!16s%2Fg%2F1tfx401r!19sChIJnzOQ2eVYvEcREV0B1xg5ZUc?authuser=0&hl=de&rclk=1,2026-05-05T18:47:57Z,,error,context canceled; overview error: context canceled
0x47bc58c2c42b46c5:0x111e0e4dc5a3e8b,Coffee Bay Neustädter Tor,35390,,,,,50.5874903,8.6703144,,,false,,,,,,,https://www.google.com/maps/place/Coffee+Bay+Neust%C3%A4dter+Tor/data=!4m7!3m6!1s0x47bc58c2c42b46c5:0x111e0e4dc5a3e8b!8m2!3d50.5874903!4d8.6703144!16s%2Fg%2F1hm4lz6mp!19sChIJxUYrxMJYvEcRiz5a3OTgEQE?authuser=0&hl=de&rclk=1,2026-05-05T18:47:24Z,,error,context canceled; overview error: context canceled
0x47bc58c2eaba2c29:0xf85f7d9cce4067a5,Coffee One,35390,,4.6,451,Café / Konditorei,50.5867689,8.6702229,,,false,,,,,,,https://www.google.com/maps/place/Coffee+One/data=!4m7!3m6!1s0x47bc58c2eaba2c29:0xf85f7d9cce4067a5!8m2!3d50.5867689!4d8.6702229!16s%2Fg%2F11b80cf1rz!19sChIJKSy66sJYvEcRpWdAzpx9X_g?authuser=0&hl=de&rclk=1,2026-05-05T18:46:45Z,active,success,
0x47bc58de8c79a7e7:0x887c33c57643cd9d,Coffeelounge Bäckerei Westend,35390,,,,,50.58877,8.6610055,,,false,,,,,,,https://www.google.com/maps/place/Coffeelounge+B%C3%A4ckerei+Westend/data=!4m7!3m6!1s0x47bc58de8c79a7e7:0x887c33c57643cd9d!8m2!3d50.58877!4d8.6610055!16s%2Fg%2F1td6fllz!19sChIJ56d5jN5YvEcRnc1DdsUzfIg?authuser=0&hl=de&rclk=1,2026-05-05T19:00:21Z,,error,context canceled; overview error: context canceled
0x47bc59da3cc72d53:0x9c1a5cf17989019d,ColourUpYourLife,35390,,,,,50.5850859,8.6755931,,,false,,,,,,,https://www.google.com/maps/place/ColourUpYourLife/data=!4m7!3m6!1s0x47bc59da3cc72d53:0x9c1a5cf17989019d!8m2!3d50.5850859!4d8.6755931!16s%2Fg%2F11hzlmdl_l!19sChIJUy3HPNpZvEcRnQGJefFcGpw?authuser=0&hl=de&rclk=1,2026-05-05T19:07:42Z,,error,context canceled; overview error: context canceled
0x47bc59002b068f4b:0x9d3881feaca74373,Cozy Café Brunch,35390,,,,,50.5779465,8.6654478,,,false,,,,,,,https://www.google.com/maps/place/Cozy+Caf%C3%A9+Brunch/data=!4m7!3m6!1s0x47bc59002b068f4b:0x9d3881feaca74373!8m2!3d50.5779465!4d8.6654478!16s%2Fg%2F11xymw70qv!19sChIJS48GKwBZvEcRc0OnrP6BOJ0?authuser=0&hl=de&rclk=1,2026-05-05T19:06:43Z,,error,context canceled; overview error: context canceled
0x47bc59e2197c1611:0xd981387ffe36db33,Crockpot`s - Original Detroit Style Pizza und Slow Cooked Meals,35390,,,,,50.5916945,8.6755401,,,false,,,,,,,https://www.google.com/maps/place/Crockpot%60s+-+Original+Detroit+Style+Pizza+und+Slow+Cooked+Meals/data=!4m7!3m6!1s0x47bc59e2197c1611:0xd981387ffe36db33!8m2!3d50.5916945!4d8.6755401!16s%2Fg%2F11j1c0mn67!19sChIJERZ8GeJZvEcRM9s2_n84gdk?authuser=0&hl=de&rclk=1,2026-05-05T18:51:53Z,,error,context canceled; overview error: context canceled
0x47bc59c954c3176f:0x8651b1e71adc2aa4,Célavi Gießen,35390,,,,,50.585764,8.6731598,,,false,,,,,,,https://www.google.com/maps/place/C%C3%A9lavi+Gie%C3%9Fen/data=!4m7!3m6!1s0x47bc59c954c3176f:0x8651b1e71adc2aa4!8m2!3d50.585764!4d8.6731598!16s%2Fg%2F11vbjfl_4z!19sChIJbxfDVMlZvEcRpCrcGuexUYY?authuser=0&hl=de&rclk=1,2026-05-05T18:59:04Z,,error,context canceled; overview error: context canceled
0x47bc58eac672b2d1:0xb4d3e2a78e8767ac,Damaskus-Shisha Shop / Dampfwerk24.de,35390,,,,,50.5861144,8.6717456,,,false,,,,,,,https://www.google.com/maps/place/Damaskus-Shisha+Shop+%2F+Dampfwerk24.de/data=!4m7!3m6!1s0x47bc58eac672b2d1:0xb4d3e2a78e8767ac!8m2!3d50.5861144!4d8.6717456!16s%2Fg%2F1v3gr06f!19sChIJ0bJyxupYvEcRrGeHjqfi07Q?authuser=0&hl=de&rclk=1,2026-05-05T19:10:34Z,,error,context canceled; overview error: context canceled
0x47bc59007158fb85:0x7af16b2586e1c719,Das Domizil Kneipe und Klub,35390,,,,,50.5890648,8.6776891,,,false,,,,,,,https://www.google.com/maps/place/Das+Domizil+Kneipe+und+Klub/data=!4m7!3m6!1s0x47bc59007158fb85:0x7af16b2586e1c719!8m2!3d50.5890648!4d8.6776891!16s%2Fg%2F11yvpb9c75!19sChIJhftYcQBZvEcRGcfhhiVr8Xo?authuser=0&hl=de&rclk=1,2026-05-05T19:08:55Z,,error,context canceled; overview error: context canceled
0x47bc58e9917da451:0x4b5101a1b4739d0e,"David's Grill - Schnellrestaurant - Döner, Pizza, Pasta",35390,,,,,50.5835123,8.6732768,,,false,,,,,,,"https://www.google.com/maps/place/David%27s+Grill+-+Schnellrestaurant+-+D%C3%B6ner,+Pizza,+Pasta/data=!4m7!3m6!1s0x47bc58e9917da451:0x4b5101a1b4739d0e!8m2!3d50.5835123!4d8.6732768!16s%2Fg%2F1tfvgb2c!19sChIJUaR9kelYvEcRDp1ztKEBUUs?authuser=0&hl=de&rclk=1",2026-05-05T18:54:51Z,,error,context canceled; overview error: context canceled
0x47bc59ee9c2aa7fb:0x2e4e3abb063f6c83,Dawat Restaurant,35390,,,,,50.5873805,8.6709722,,,false,,,,,,,https://www.google.com/maps/place/Dawat+Restaurant/data=!4m7!3m6!1s0x47bc59ee9c2aa7fb:0x2e4e3abb063f6c83!8m2!3d50.5873805!4d8.6709722!16s%2Fg%2F11t7f40k7s!19sChIJ-6cqnO5ZvEcRg2w_Brs6Ti4?authuser=0&hl=de&rclk=1,2026-05-05T18:59:42Z,,error,context canceled; overview error: context canceled
0x47bc58e624615547:0xd7b2926f94daf754,Dayan's Pizza,35390,,,,,50.5832023,8.6828664,,,false,,,,,,,https://www.google.com/maps/place/Dayan%27s+Pizza/data=!4m7!3m6!1s0x47bc58e624615547:0xd7b2926f94daf754!8m2!3d50.5832023!4d8.6828664!16s%2Fg%2F11bbrkh0qd!19sChIJR1VhJOZYvEcRVPfalG-Sstc?authuser=0&hl=de&rclk=1,2026-05-05T18:58:36Z,,error,context canceled; overview error: context canceled
0x47bc58c3d7cbf825:0xe92b69532d38eed2,Delight Feinkost & Backwaren,35390,,,,,50.5881953,8.6755441,,,false,,,,,,,https://www.google.com/maps/place/Delight+Feinkost+%26+Backwaren/data=!4m7!3m6!1s0x47bc58c3d7cbf825:0xe92b69532d38eed2!8m2!3d50.5881953!4d8.6755441!16s%2Fg%2F1v41zkwx!19sChIJJfjL18NYvEcR0u44LVNpK-k?authuser=0&hl=de&rclk=1,2026-05-05T19:03:56Z,,error,context canceled; overview error: context canceled
0x47bc58eb520e5ce1:0xe1e8a309a7dc203e,Die Kate - Bar & Bistro,35390,,,,,50.5801352,8.6795776,,,false,,,,,,,https://www.google.com/maps/place/Die+Kate+-+Bar+%26+Bistro/data=!4m7!3m6!1s0x47bc58eb520e5ce1:0xe1e8a309a7dc203e!8m2!3d50.5801352!4d8.6795776!16s%2Fg%2F1thr68r_!19sChIJ4VwOUutYvEcRPiDcpwmj6OE?authuser=0&hl=de&rclk=1,2026-05-05T18:47:52Z,,error,context canceled; overview error: context canceled
0x47bc58c27283a903:0xe142461a61854604,Die kleine Kneipe,35390,,,,,50.5857645,8.673044,,,false,,,,,,,https://www.google.com/maps/place/Die+kleine+Kneipe/data=!4m7!3m6!1s0x47bc58c27283a903:0xe142461a61854604!8m2!3d50.5857645!4d8.673044!16s%2Fg%2F1tf7lp77!19sChIJA6mDcsJYvEcRBEaFYRpGQuE?authuser=0&hl=de&rclk=1,2026-05-05T19:11:53Z,,error,context canceled; overview error: context canceled
0x47bc59f144ee8443:0x74c32883f5e11469,Ditsch Gießen Bahnhof,35390,,,,,50.5795781,8.6626137,,,false,,,,,,,https://www.google.com/maps/place/Ditsch+Gie%C3%9Fen+Bahnhof/data=!4m7!3m6!1s0x47bc59f144ee8443:0x74c32883f5e11469!8m2!3d50.5795781!4d8.6626137!16s%2Fg%2F1tc_vq7k!19sChIJQ4TuRPFZvEcRaRTh9YMow3Q?authuser=0&hl=de&rclk=1,2026-05-05T19:01:32Z,,error,context canceled; overview error: context canceled
0x47bc58c2da92c3e3:0x39a8a131a726acc2,Ditsch Gießen Galerie Neustädter Tor,35390,,,,,50.5873661,8.6712978,,,false,,,,,,,https://www.google.com/maps/place/Ditsch+Gie%C3%9Fen+Galerie+Neust%C3%A4dter+Tor/data=!4m7!3m6!1s0x47bc58c2da92c3e3:0x39a8a131a726acc2!8m2!3d50.5873661!4d8.6712978!16s%2Fg%2F1tm1pkzj!19sChIJ48OS2sJYvEcRwqwmpzGhqDk?authuser=0&hl=de&rclk=1,2026-05-05T19:02:43Z,,error,context canceled; overview error: context canceled
0x47bc58de827079a9:0x30dc5d4897b3123d,Diyar Sofrasi,35390,,,,,50.5890214,8.6623861,,,false,,,,,,,https://www.google.com/maps/place/Diyar+Sofrasi/data=!4m7!3m6!1s0x47bc58de827079a9:0x30dc5d4897b3123d!8m2!3d50.5890214!4d8.6623861!16s%2Fg%2F1tltlh0z!19sChIJqXlwgt5YvEcRPRKzl0hd3DA?authuser=0&hl=de&rclk=1,2026-05-05T18:56:23Z,,error,context canceled; overview error: context canceled
0x47bc58e8c6ae310b:0x8b7a2e3ebf50f64c,Domino's Pizza Gießen,35390,,,,,50.5811611,8.6687182,,,false,,,,,,,https://www.google.com/maps/place/Domino%27s+Pizza+Gie%C3%9Fen/data=!4m7!3m6!1s0x47bc58e8c6ae310b:0x8b7a2e3ebf50f64c!8m2!3d50.5811611!4d8.6687182!16s%2Fg%2F1tgh228v!19sChIJCzGuxuhYvEcRTPZQvz4ueos?authuser=0&hl=de&rclk=1,2026-05-05T18:59:09Z,,error,context canceled; overview error: context canceled
0x47bc5981038b60f1:0xf4cf7f87316c4b26,Drehspießgrill Picknick,35390,,,,,50.5802851,8.646989,,,false,,,,,,,https://www.google.com/maps/place/Drehspie%C3%9Fgrill+Picknick/data=!4m7!3m6!1s0x47bc5981038b60f1:0xf4cf7f87316c4b26!8m2!3d50.5802851!4d8.646989!16s%2Fg%2F11gxy1h1pz!19sChIJ8WCLA4FZvEcRJktsMYd_z_Q?authuser=0&hl=de&rclk=1,2026-05-05T19:05:06Z,,error,context canceled; overview error: context canceled
0x47bc593852f259cf:0x458f85068ef75334,Dunkin,35390,,,,,50.5840433,8.6727908,,,false,,,,,,,https://www.google.com/maps/place/Dunkin/data=!4m7!3m6!1s0x47bc593852f259cf:0x458f85068ef75334!8m2!3d50.5840433!4d8.6727908!16s%2Fg%2F11t26fzyfq!19sChIJz1nyUjhZvEcRNFP3jgaFj0U?authuser=0&hl=de&rclk=1,2026-05-05T19:08:04Z,,error,context canceled; overview error: context canceled
0x47bc59d060043ddb:0xb036d3c2fdff0373,Dutte Louis,35390,,,,,50.5966012,8.687538,,,false,,,,,,,https://www.google.com/maps/place/Dutte+Louis/data=!4m7!3m6!1s0x47bc59d060043ddb:0xb036d3c2fdff0373!8m2!3d50.5966012!4d8.687538!16s%2Fg%2F11h0t8g9qm!19sChIJ2z0EYNBZvEcRcwP__cLTNrA?authuser=0&hl=de&rclk=1,2026-05-05T19:04:51Z,,error,context canceled; overview error: context canceled
0x47bc592f4faa6ba9:0xab0304c3f0ac99a,Döner Bra,35390,,,,,50.5880906,8.6750891,,,false,,,,,,,https://www.google.com/maps/place/D%C3%B6ner+Bra/data=!4m7!3m6!1s0x47bc592f4faa6ba9:0xab0304c3f0ac99a!8m2!3d50.5880906!4d8.6750891!16s%2Fg%2F11mq3g5147!19sChIJqWuqTy9ZvEcRmskKP0wwsAo?authuser=0&hl=de&rclk=1,2026-05-05T18:59:14Z,,error,context canceled; overview error: context canceled
0x47bc5900168cd1cb:0x32d0b1728c364715,Döner Bra 2,35390,,,,,50.5943673,8.6819107,,,false,,,,,,,https://www.google.com/maps/place/D%C3%B6ner+Bra+2/data=!4m7!3m6!1s0x47bc5900168cd1cb:0x32d0b1728c364715!8m2!3d50.5943673!4d8.6819107!16s%2Fg%2F11wvdmx64h!19sChIJy9GMFgBZvEcRFUc2jHKx0DI?authuser=0&hl=de&rclk=1,2026-05-05T18:55:39Z,,error,context canceled; overview error: context canceled
0x47bc58ef5e0f30fd:0x4725b2566cee2e9,Döner Treff 24,35390,,,,,50.57932,8.66655,,,false,,,,,,,https://www.google.com/maps/place/D%C3%B6ner+Treff+24/data=!4m7!3m6!1s0x47bc58ef5e0f30fd:0x4725b2566cee2e9!8m2!3d50.57932!4d8.66655!16s%2Fg%2F11bt_9nyd2!19sChIJ_TAPXu9YvEcR6eLOZiVbcgQ?authuser=0&hl=de&rclk=1,2026-05-05T18:55:10Z,,error,context canceled; overview error: context canceled
0x47bc59006cb3ecc9:0x74a9297e28990c94,Döner welt,35390,,,,,50.5830234,8.6802272,,,false,,,,,,,https://www.google.com/maps/place/D%C3%B6ner+welt/data=!4m7!3m6!1s0x47bc59006cb3ecc9:0x74a9297e28990c94!8m2!3d50.5830234!4d8.6802272!16s%2Fg%2F11w1gcbqxr!19sChIJyeyzbABZvEcRlAyZKH4pqXQ?authuser=0&hl=de&rclk=1,2026-05-05T18:59:25Z,,error,context canceled; overview error: context canceled
0x47bc58c3dbe22a87:0xd532c4f37095e700,Dönerking Gießen,35390,,,,,50.5885561,8.6753906,,,false,,,,,,,https://www.google.com/maps/place/D%C3%B6nerking+Gie%C3%9Fen/data=!4m7!3m6!1s0x47bc58c3dbe22a87:0xd532c4f37095e700!8m2!3d50.5885561!4d8.6753906!16s%2Fg%2F11bbwxc4gl!19sChIJhyri28NYvEcRAOeVcPPEMtU?authuser=0&hl=de&rclk=1,2026-05-05T18:53:06Z,,error,context canceled; overview error: context canceled
0x47bc591fb29bb555:0xc1d59e9616af362,EAT HAPPY,35390,,,,,50.571524,8.688677,,,false,,,,,,,https://www.google.com/maps/place/EAT+HAPPY/data=!4m7!3m6!1s0x47bc591fb29bb555:0xc1d59e9616af362!8m2!3d50.571524!4d8.688677!16s%2Fg%2F11gtggpnjx!19sChIJVbWbsh9ZvEcRYvNqYelZHQw?authuser=0&hl=de&rclk=1,2026-05-05T19:06:22Z,,error,context canceled; overview error: context canceled
0x47bc59ef7ae89671:0xc9c7b1e9b29d6698,EAT HAPPY,35390,,,,,50.585661,8.696581,,,false,,,,,,,https://www.google.com/maps/place/EAT+HAPPY/data=!4m7!3m6!1s0x47bc59ef7ae89671:0xc9c7b1e9b29d6698!8m2!3d50.585661!4d8.696581!16s%2Fg%2F11q45jw32_!19sChIJcZboeu9ZvEcRmGadsumxx8k?authuser=0&hl=de&rclk=1,2026-05-05T19:06:19Z,,error,context canceled; overview error: context canceled
0x47bc59bd3e22548d:0xed23b6c3a7dc32e,EAT HAPPY,35390,,,,,50.584701,8.673702,,,false,,,,,,,https://www.google.com/maps/place/EAT+HAPPY/data=!4m7!3m6!1s0x47bc59bd3e22548d:0xed23b6c3a7dc32e!8m2!3d50.584701!4d8.673702!16s%2Fg%2F11n554pydj!19sChIJjVQiPr1ZvEcRLsN9Omw70g4?authuser=0&hl=de&rclk=1,2026-05-05T19:06:14Z,,error,context canceled; overview error: context canceled
0x47bc59bafbbb6663:0xdd786f963e9a263b,EAT HAPPY,35390,,,,,50.594016,8.681283,,,false,,,,,,,https://www.google.com/maps/place/EAT+HAPPY/data=!4m7!3m6!1s0x47bc59bafbbb6663:0xdd786f963e9a263b!8m2!3d50.594016!4d8.681283!16s%2Fg%2F11srzxmthv!19sChIJY2a7-7pZvEcROyaaPpZveN0?authuser=0&hl=de&rclk=1,2026-05-05T19:06:06Z,,error,context canceled; overview error: context canceled
0x47bcf60c28589ce1:0x3cc17827e53a19cd,EFC - Extreme Fight Club,35390,,,,,50.583473,8.6806135,,,false,,,,,,,https://www.google.com/maps/place/EFC+-+Extreme+Fight+Club/data=!4m7!3m6!1s0x47bcf60c28589ce1:0x3cc17827e53a19cd!8m2!3d50.583473!4d8.6806135!16s%2Fg%2F11c58ffq4p!19sChIJ4ZxYKAz2vEcRzRk65Sd4wTw?authuser=0&hl=de&rclk=1,2026-05-05T19:14:32Z,,error,context canceled; overview error: context canceled
0x47bc58dfea782c19:0x19ab9fa241c26825,EMS-Lounge® Gießen-West,35390,,,,,50.5876354,8.657226,,,false,,,,,,,https://www.google.com/maps/place/EMS-Lounge%C2%AE+Gie%C3%9Fen-West/data=!4m7!3m6!1s0x47bc58dfea782c19:0x19ab9fa241c26825!8m2!3d50.5876354!4d8.657226!16s%2Fg%2F11f2clrp7c!19sChIJGSx46t9YvEcRJWjCQaKfqxk?authuser=0&hl=de&rclk=1,2026-05-05T19:13:29Z,,error,context canceled; overview error: context canceled
0x47bc59706253f407:0x42e4b99fe0d74999,Eckstall,35390,,,,,50.5815887,8.678165,,,false,,,,,,,https://www.google.com/maps/place/Eckstall/data=!4m7!3m6!1s0x47bc59706253f407:0x42e4b99fe0d74999!8m2!3d50.5815887!4d8.678165!16s%2Fg%2F11s852wz38!19sChIJB_RTYnBZvEcRmUnX4J-55EI?authuser=0&hl=de&rclk=1,2026-05-05T19:08:46Z,,error,context canceled; overview error: context canceled
0x47bc58c28b6b46cb:0xf614531eb8096fea,Eiscafe La Casa del Gelato,35390,,,,,50.586548,8.671449,,,false,,,,,,,https://www.google.com/maps/place/Eiscafe+La+Casa+del+Gelato/data=!4m7!3m6!1s0x47bc58c28b6b46cb:0xf614531eb8096fea!8m2!3d50.586548!4d8.671449!16s%2Fg%2F1tfc13tc!19sChIJy0Zri8JYvEcR6m8JuB5TFPY?authuser=0&hl=de&rclk=1,2026-05-05T18:51:40Z,,error,context canceled; overview error: context canceled
0x47bc58c21f776907:0x184956145158accd,Eiscafé Venezia,35390,,,,,50.5864017,8.6748354,,,false,,,,,,,https://www.google.com/maps/place/Eiscaf%C3%A9+Venezia/data=!4m7!3m6!1s0x47bc58c21f776907:0x184956145158accd!8m2!3d50.5864017!4d8.6748354!16s%2Fg%2F1td9v6sm!19sChIJB2l3H8JYvEcRzaxYURRWSRg?authuser=0&hl=de&rclk=1,2026-05-05T19:10:47Z,,error,context canceled; overview error: context canceled
0x47bc5928a171cd8d:0x8d0bb6957dda5d3,El Pintxo Tapas & Wine,35390,,4.8,248,Restaurant,50.5851843,8.6751418,,,false,,,,,,,https://www.google.com/maps/place/El+Pintxo+Tapas+%26+Wine/data=!4m7!3m6!1s0x47bc5928a171cd8d:0x8d0bb6957dda5d3!8m2!3d50.5851843!4d8.6751418!16s%2Fg%2F11l2lz09vy!19sChIJjc1xoShZvEcR06XdV2m70Ag?authuser=0&hl=de&rclk=1,2026-05-05T18:24:10Z,active,success,
0x47bc59fe6d827211:0xe57c886dba0c37f8,Elite Bäckerei & Eis Cafe,35390,,,,,50.5987463,8.6923056,,,false,,,,,,,https://www.google.com/maps/place/Elite+B%C3%A4ckerei+%26+Eis+Cafe/data=!4m7!3m6!1s0x47bc59fe6d827211:0xe57c886dba0c37f8!8m2!3d50.5987463!4d8.6923056!16s%2Fg%2F11y40xnbrw!19sChIJEXKCbf5ZvEcR-DcMum2IfOU?authuser=0&hl=de&rclk=1,2026-05-05T19:04:01Z,,error,context canceled; overview error: context canceled
0x47bc58c3e0fb9f27:0x1ca84bbfb55e7af0,Enjoy Bar,35390,,,,,50.5890716,8.6756703,,,false,,,,,,,https://www.google.com/maps/place/Enjoy+Bar/data=!4m7!3m6!1s0x47bc58c3e0fb9f27:0x1ca84bbfb55e7af0!8m2!3d50.5890716!4d8.6756703!16s%2Fg%2F11b6v8hxy7!19sChIJJ5_74MNYvEcR8Hpetb9LqBw?authuser=0&hl=de&rclk=1,2026-05-05T18:50:05Z,,error,context canceled; overview error: context canceled
0x47bc58858eee8f67:0xb6519f324f319dee,Extrawurst Gießen-Süd,35390,,,,,50.5699527,8.6900047,,,false,,,,,,,https://www.google.com/maps/place/Extrawurst+Gie%C3%9Fen-S%C3%BCd/data=!4m7!3m6!1s0x47bc58858eee8f67:0xb6519f324f319dee!8m2!3d50.5699527!4d8.6900047!16s%2Fg%2F1wf37qdk!19sChIJZ4_ujoVYvEcR7p0xTzKfUbY?authuser=0&hl=de&rclk=1,2026-05-05T18:55:03Z,,error,context canceled; overview error: context canceled
0x47bcf7782a5e0553:0x98cdb498b9deddbe,FKK World Gießen | FKK Club | Bordell bei Frankfurt,35390,,,,,50.5275826,8.7462943,,,false,,,,,,,https://www.google.com/maps/place/FKK+World+Gie%C3%9Fen+%7C+FKK+Club+%7C+Bordell+bei+Frankfurt/data=!4m7!3m6!1s0x47bcf7782a5e0553:0x98cdb498b9deddbe!8m2!3d50.5275826!4d8.7462943!16s%2Fg%2F1tdklb6k!19sChIJUwVeKnj3vEcRvt3euZi0zZg?authuser=0&hl=de&rclk=1,2026-05-05T19:15:52Z,,error,context canceled; overview error: context canceled
0x47bc58b709a8e437:0xf7996a8886aaa69b,Family Imbiss,35390,,,,,50.5964116,8.6883992,,,false,,,,,,,https://www.google.com/maps/place/Family+Imbiss/data=!4m7!3m6!1s0x47bc58b709a8e437:0xf7996a8886aaa69b!8m2!3d50.5964116!4d8.6883992!16s%2Fg%2F11cjj6n1m1!19sChIJN-SoCbdYvEcRm6aqhohqmfc?authuser=0&hl=de&rclk=1,2026-05-05T18:54:01Z,,error,context canceled; overview error: context canceled
0x47bc58e9167886b5:0x360f039df345df3a,Farca's Pizza,35390,,,,,50.581538,8.6714553,,,false,,,,,,,https://www.google.com/maps/place/Farca%27s+Pizza/data=!4m7!3m6!1s0x47bc58e9167886b5:0x360f039df345df3a!8m2!3d50.581538!4d8.6714553!16s%2Fg%2F11c31phbfq!19sChIJtYZ4FulYvEcROt9F850DDzY?authuser=0&hl=de&rclk=1,2026-05-05T19:05:47Z,,error,context canceled; overview error: context canceled
0x47bc599d8f910087:0xce3b0990c01e0f6d,Firat Döner,35390,,,,,50.5834757,8.6721332,,,false,,,,,,,https://www.google.com/maps/place/Firat+D%C3%B6ner/data=!4m7!3m6!1s0x47bc599d8f910087:0xce3b0990c01e0f6d!8m2!3d50.5834757!4d8.6721332!16s%2Fg%2F11r0ggy0vr!19sChIJhwCRj51ZvEcRbQ8ewJAJO84?authuser=0&hl=de&rclk=1,2026-05-05T19:04:04Z,,error,context canceled; overview error: context canceled
0x47bc5903bd0ded2d:0x40a744943706256d,Flowers Bar & Lounge,35390,,,,,50.5888032,8.6608711,,,false,,,,,,,https://www.google.com/maps/place/Flowers+Bar+%26+Lounge/data=!4m7!3m6!1s0x47bc5903bd0ded2d:0x40a744943706256d!8m2!3d50.5888032!4d8.6608711!16s%2Fg%2F11h5pd33ys!19sChIJLe0NvQNZvEcRbSUGN5REp0A?authuser=0&hl=de&rclk=1,2026-05-05T19:08:58Z,,error,context canceled; overview error: context canceled
0x47bc58557815910d:0x1229b660d103fb15,Frankfurter Eck,35390,,,,,50.5653463,8.6517305,,,false,,,,,,,https://www.google.com/maps/place/Frankfurter+Eck/data=!4m7!3m6!1s0x47bc58557815910d:0x1229b660d103fb15!8m2!3d50.5653463!4d8.6517305!16s%2Fg%2F11h54zzf3g!19sChIJDZEVeFVYvEcRFfsD0WC2KRI?authuser=0&hl=de&rclk=1,2026-05-05T19:11:43Z,,error,context canceled; overview error: context canceled
0x47bc592b031eb6a1:0xd4530f3b366b3bd6,Franzis fabelhafte Törtchen,35390,,,,,50.591425,8.719428,,,false,,,,,,,https://www.google.com/maps/place/Franzis+fabelhafte+T%C3%B6rtchen/data=!4m7!3m6!1s0x47bc592b031eb6a1:0xd4530f3b366b3bd6!8m2!3d50.591425!4d8.719428!16s%2Fg%2F11pqsfwwct!19sChIJobYeAytZvEcR1jtrNjsPU9Q?authuser=0&hl=de&rclk=1,2026-05-05T19:02:36Z,,error,context canceled; overview error: context canceled
0x47bc59deeda3781d:0x6aadaa961c7713f7,Frau Trude,35390,,,,,50.571117,8.691996,,,false,,,,,,,https://www.google.com/maps/place/Frau+Trude/data=!4m7!3m6!1s0x47bc59deeda3781d:0x6aadaa961c7713f7!8m2!3d50.571117!4d8.691996!16s%2Fg%2F11fd57651y!19sChIJHXij7d5ZvEcR9xN3HJaqrWo?authuser=0&hl=de&rclk=1,2026-05-05T19:16:03Z,,error,context canceled; overview error: context canceled
0x47bc58eacba3e54d:0x3eed8c091d2eaf41,Fuku Sushi Bar & Asia Long,35390,,,,,50.5830688,8.6805172,,,false,,,,,,,https://www.google.com/maps/place/Fuku+Sushi+Bar+%26+Asia+Long/data=!4m7!3m6!1s0x47bc58eacba3e54d:0x3eed8c091d2eaf41!8m2!3d50.5830688!4d8.6805172!16s%2Fg%2F1tfhyq07!19sChIJTeWjy-pYvEcRQa8uHQmM7T4?authuser=0&hl=de&rclk=1,2026-05-05T18:53:39Z,,error,context canceled; overview error: context canceled
0x47bc59aa02ca051d:0x7d1090fc0fb2def,GIAZZO,35390,,,,,50.5849626,8.6713352,,,false,,,,,,,https://www.google.com/maps/place/GIAZZO/data=!4m7!3m6!1s0x47bc59aa02ca051d:0x7d1090fc0fb2def!8m2!3d50.5849626!4d8.6713352!16s%2Fg%2F11v60qfcx4!19sChIJHQXKAqpZvEcR7y37wA8J0Qc?authuser=0&hl=de&rclk=1,2026-05-05T18:57:46Z,,error,context canceled; overview error: context canceled
0x47bc5f144fa62b93:0x2e17fccabb2b9574,Gaststätte Badenburg Ritterkeller,35390,,,,,50.6287436,8.6904661,,,false,,,,,,,https://www.google.com/maps/place/Gastst%C3%A4tte+Badenburg+Ritterkeller/data=!4m7!3m6!1s0x47bc5f144fa62b93:0x2e17fccabb2b9574!8m2!3d50.6287436!4d8.6904661!16s%2Fg%2F120qcvtl!19sChIJkyumTxRfvEcRdJUru8r8Fy4?authuser=0&hl=de&rclk=1,2026-05-05T19:12:22Z,,error,context canceled; overview error: context canceled
0x47bc5f10f82914bb:0xf37eaf1525d3e6bc,Gaststätte Lichtenau,35390,,,,,50.6052339,8.6990382,,,false,,,,,,,https://www.google.com/maps/place/Gastst%C3%A4tte+Lichtenau/data=!4m7!3m6!1s0x47bc5f10f82914bb:0xf37eaf1525d3e6bc!8m2!3d50.6052339!4d8.6990382!16s%2Fg%2F11j7bwrgz5!19sChIJuxQp-BBfvEcRvObTJRWvfvM?authuser=0&hl=de&rclk=1,2026-05-05T19:11:47Z,,error,context canceled; overview error: context canceled
0x47bc58ce28a34a61:0x5631024406ff6325,Gaststätte Marinestuben Gießen,35390,,,,,50.5988905,8.6721353,,,false,,,,,,,https://www.google.com/maps/place/Gastst%C3%A4tte+Marinestuben+Gie%C3%9Fen/data=!4m7!3m6!1s0x47bc58ce28a34a61:0x5631024406ff6325!8m2!3d50.5988905!4d8.6721353!16s%2Fg%2F1tfl8s58!19sChIJYUqjKM5YvEcRJWP_BkQCMVY?authuser=0&hl=de&rclk=1,2026-05-05T18:56:12Z,,error,context canceled; overview error: context canceled
0x47bc58c3b3072e6f:0x7b50f5a2e728cf2,Gaststätte Quantum,35390,,,,,50.5879738,8.6732879,,,false,,,,,,,https://www.google.com/maps/place/Gastst%C3%A4tte+Quantum/data=!4m7!3m6!1s0x47bc58c3b3072e6f:0x7b50f5a2e728cf2!8m2!3d50.5879738!4d8.6732879!16s%2Fg%2F1tfjdndw!19sChIJby4Hs8NYvEcR8oxyLloPtQc?authuser=0&hl=de&rclk=1,2026-05-05T18:51:35Z,,error,context canceled; overview error: context canceled
0x47bc591752068e81:0x9621743c17747b41,Gaumenglück,35390,,4.7,140,Restaurant,50.5834936,8.6746753,,,false,,,,,,,https://www.google.com/maps/place/Gaumengl%C3%BCck/data=!4m7!3m6!1s0x47bc591752068e81:0x9621743c17747b41!8m2!3d50.5834936!4d8.6746753!16s%2Fg%2F11vx0mwt7l!19sChIJgY4GUhdZvEcRQXt0Fzx0IZY?authuser=0&hl=de&rclk=1,2026-05-05T18:23:45Z,active,success,
0x47bc58c1fc7616bf:0x25059269ad5bf526,Georg-Büchner-Club,35390,,,,,50.5853931,8.6752071,,,false,,,,,,,https://www.google.com/maps/place/Georg-B%C3%BCchner-Club/data=!4m7!3m6!1s0x47bc58c1fc7616bf:0x25059269ad5bf526!8m2!3d50.5853931!4d8.6752071!16s%2Fg%2F11gh_wvrnh!19sChIJvxZ2_MFYvEcRJvVbrWmSBSU?authuser=0&hl=de&rclk=1,2026-05-05T19:14:35Z,,error,context canceled; overview error: context canceled
0x47bc58c21b604795:0x8f07d6719a8ca617,Geschmacksverkehr,35390,,4.8,1246,Restaurant,50.5857839,8.6742847,,,true,21,50,35.5,2.77,4.695,21 bis 50 Bewertungen aufgrund von Beschwerden wegen Diffamierung entfernt.,https://www.google.com/maps/place/Geschmacksverkehr/data=!4m7!3m6!1s0x47bc58c21b604795:0x8f07d6719a8ca617!8m2!3d50.5857839!4d8.6742847!16s%2Fg%2F11f_znp11d!19sChIJlUdgG8JYvEcRF6aMmnHWB48?authuser=0&hl=de&rclk=1,2026-05-05T18:23:57Z,active,success,
0x47bc58ea1efcc431:0x51372e6a8eb83db,Gianoli,35390,,4.4,1153,Restaurant,50.5839622,8.674443,,,false,,,,,,,https://www.google.com/maps/place/Gianoli/data=!4m7!3m6!1s0x47bc58ea1efcc431:0x51372e6a8eb83db!8m2!3d50.5839622!4d8.674443!16s%2Fg%2F1tv3mt36!19sChIJMcT8HupYvEcR24PrqOZyEwU?authuser=0&hl=de&rclk=1,2026-05-05T18:45:36Z,active,success,
0x47bc5896c640b019:0x5f8a37143d41dea1,Gießener Brauerei GmbH & Co. KG,35390,,,,,50.5796144,8.6883735,,,false,,,,,,,https://www.google.com/maps/place/Gie%C3%9Fener+Brauerei+GmbH+%26+Co.+KG/data=!4m7!3m6!1s0x47bc5896c640b019:0x5f8a37143d41dea1!8m2!3d50.5796144!4d8.6883735!16s%2Fg%2F11g9drs6jh!19sChIJGbBAxpZYvEcRod5BPRQ3il8?authuser=0&hl=de&rclk=1,2026-05-05T19:12:26Z,,error,context canceled; overview error: context canceled
0x47bc58c34cb7bd95:0xaff32b80aa35cc5e,Gießener Rudergesellschaft 1877 e.V.,35390,,,,,50.5896336,8.6693955,,,false,,,,,,,https://www.google.com/maps/place/Gie%C3%9Fener+Rudergesellschaft+1877+e.V./data=!4m7!3m6!1s0x47bc58c34cb7bd95:0xaff32b80aa35cc5e!8m2!3d50.5896336!4d8.6693955!16s%2Fg%2F1v93_55_!19sChIJlb23TMNYvEcRXsw1qoAr868?authuser=0&hl=de&rclk=1,2026-05-05T19:14:59Z,,error,context canceled; overview error: context canceled
0x47bc590036a119a9:0x582fa1b116db2ea,Gießener Tanz-Club 74 e.V.,35390,,,,,50.5686877,8.6482288,,,false,,,,,,,https://www.google.com/maps/place/Gie%C3%9Fener+Tanz-Club+74+e.V./data=!4m7!3m6!1s0x47bc590036a119a9:0x582fa1b116db2ea!8m2!3d50.5686877!4d8.6482288!16s%2Fg%2F1wtbs_jk!19sChIJqRmhNgBZvEcR6rJtERv6ggU?authuser=0&hl=de&rclk=1,2026-05-05T19:15:49Z,,error,context canceled; overview error: context canceled
0x47bc58a3dbf53483:0x1655d863845655f7,Gießener Tennisclub Rot-Weiß e.V.,35390,,,,,50.5865402,8.7015771,,,false,,,,,,,https://www.google.com/maps/place/Gie%C3%9Fener+Tennisclub+Rot-Wei%C3%9F+e.V./data=!4m7!3m6!1s0x47bc58a3dbf53483:0x1655d863845655f7!8m2!3d50.5865402!4d8.7015771!16s%2Fg%2F1tdklb4m!19sChIJgzT126NYvEcR91VWhGPYVRY?authuser=0&hl=de&rclk=1,2026-05-05T19:14:55Z,,error,context canceled; overview error: context canceled
0x47bc5974445bb8c3:0xc2293f3cda449eab,Goldene Hände - Gießen (Ukrainische Küche),35390,,,,,50.5829939,8.6677549,,,false,,,,,,,https://www.google.com/maps/place/Goldene+H%C3%A4nde+-+Gie%C3%9Fen+%28Ukrainische+K%C3%BCche%29/data=!4m7!3m6!1s0x47bc5974445bb8c3:0xc2293f3cda449eab!8m2!3d50.5829939!4d8.6677549!16s%2Fg%2F11vf59vvww!19sChIJw7hbRHRZvEcRq55E2jw_KcI?authuser=0&hl=de&rclk=1,2026-05-05T19:06:36Z,,error,context canceled; overview error: context canceled
0x47bc59e237999a47:0x700a749c2de03648,Grand Billard Club & Shisha Bar,35390,,,,,50.5782225,8.6351467,,,false,,,,,,,https://www.google.com/maps/place/Grand+Billard+Club+%26+Shisha+Bar/data=!4m7!3m6!1s0x47bc59e237999a47:0x700a749c2de03648!8m2!3d50.5782225!4d8.6351467!16s%2Fg%2F11yzw__66x!19sChIJR5qZN-JZvEcRSDbgLZx0CnA?authuser=0&hl=de&rclk=1,2026-05-05T19:15:57Z,,error,context canceled; overview error: context canceled
0x47bc591334918535:0x3067104315104eb4,Gutenburger,35390,,4.7,545,Burger,50.5869785,8.6750474,,,false,,,,,,,https://www.google.com/maps/place/Gutenburger/data=!4m7!3m6!1s0x47bc591334918535:0x3067104315104eb4!8m2!3d50.5869785!4d8.6750474!16s%2Fg%2F11sr2zmx_c!19sChIJNYWRNBNZvEcRtE4QFUMQZzA?authuser=0&hl=de&rclk=1,2026-05-05T18:45:00Z,active,success,
0x47bc58c2c6478799:0x5e993c15ea3f5a03,Gyros-Grill Aris Griechisches Schnellrestaurant,35390,,,,,50.5870481,8.669477,,,false,,,,,,,https://www.google.com/maps/place/Gyros-Grill+Aris+Griechisches+Schnellrestaurant/data=!4m7!3m6!1s0x47bc58c2c6478799:0x5e993c15ea3f5a03!8m2!3d50.5870481!4d8.669477!16s%2Fg%2F11b6dq6lc6!19sChIJmYdHxsJYvEcRA1o_6hU8mV4?authuser=0&hl=de&rclk=1,2026-05-05T18:57:11Z,,error,context canceled; overview error: context canceled
0x47bc59929792f86d:0xd4a0758e0e075392,HANS WURST,35390,,,,,50.5855854,8.6763783,,,false,,,,,,,https://www.google.com/maps/place/HANS+WURST/data=!4m7!3m6!1s0x47bc59929792f86d:0xd4a0758e0e075392!8m2!3d50.5855854!4d8.6763783!16s%2Fg%2F11lx5st4nv!19sChIJbfiSl5JZvEcRklMHDo51oNQ?authuser=0&hl=de&rclk=1,2026-05-05T18:56:45Z,,error,context canceled; overview error: context canceled
0x47bc590e3f945cd7:0x901fe8a4ed976b0c,HairLounge Giessen,35390,,,,,50.5862791,8.6766286,,,false,,,,,,,https://www.google.com/maps/place/HairLounge+Giessen/data=!4m7!3m6!1s0x47bc590e3f945cd7:0x901fe8a4ed976b0c!8m2!3d50.5862791!4d8.6766286!16s%2Fg%2F11r2hvs25y!19sChIJ11yUPw5ZvEcRDGuX7aToH5A?authuser=0&hl=de&rclk=1,2026-05-05T19:13:03Z,,error,context canceled; overview error: context canceled
0x47bc58d90e958b41:0x51497d5430ab1501,"Ham Ham Pizza, Döner,Und Vieles Mehr",35390,,,,,50.5910102,8.6653316,,,false,,,,,,,"https://www.google.com/maps/place/Ham+Ham+Pizza,+D%C3%B6ner,Und+Vieles+Mehr/data=!4m7!3m6!1s0x47bc58d90e958b41:0x51497d5430ab1501!8m2!3d50.5910102!4d8.6653316!16s%2Fg%2F11cmxv27d6!19sChIJQYuVDtlYvEcRARWrMFR9SVE?authuser=0&hl=de&rclk=1",2026-05-05T19:05:24Z,,error,context canceled; overview error: context canceled
0x47bc59316d9c0a45:0x53df538c0777d6a6,Haus des Döners,35390,,,,,50.5859752,8.674696,,,false,,,,,,,https://www.google.com/maps/place/Haus+des+D%C3%B6ners/data=!4m7!3m6!1s0x47bc59316d9c0a45:0x53df538c0777d6a6!8m2!3d50.5859752!4d8.674696!16s%2Fg%2F11l1_xkxtv!19sChIJRQqcbTFZvEcRptZ3B4xT31M?authuser=0&hl=de&rclk=1,2026-05-05T18:50:07Z,,error,context canceled; overview error: context canceled
0x47bc591f2829c211:0x91ab183aa9fb35c8,Havanna Club,35390,,,,,50.5780231,8.6741656,,,false,,,,,,,https://www.google.com/maps/place/Havanna+Club/data=!4m7!3m6!1s0x47bc591f2829c211:0x91ab183aa9fb35c8!8m2!3d50.5780231!4d8.6741656!16s%2Fg%2F11vbj0wppw!19sChIJEcIpKB9ZvEcRyDX7qToYq5E?authuser=0&hl=de&rclk=1,2026-05-05T19:11:11Z,,error,context canceled; overview error: context canceled
0x47bc58c117c3365d:0xcf3680b76eec88d1,Hawwerkasten,35390,,4.7,986,Restaurant,50.5885972,8.6783111,,,false,,,,,,,https://www.google.com/maps/place/Hawwerkasten/data=!4m7!3m6!1s0x47bc58c117c3365d:0xcf3680b76eec88d1!8m2!3d50.5885972!4d8.6783111!16s%2Fg%2F1tgn3vjs!19sChIJXTbDF8FYvEcR0YjsbreANs8?authuser=0&hl=de&rclk=1,2026-05-05T18:23:52Z,active,success,
0x47bc59cbb32093c9:0x6eae35a18476fe52,Hayati Gießen,35390,,,,,50.5852415,8.673174,,,false,,,,,,,https://www.google.com/maps/place/Hayati+Gie%C3%9Fen/data=!4m7!3m6!1s0x47bc59cbb32093c9:0x6eae35a18476fe52!8m2!3d50.5852415!4d8.673174!16s%2Fg%2F11j0s214vf!19sChIJyZMgs8tZvEcRUv52hKE1rm4?authuser=0&hl=de&rclk=1,2026-05-05T18:51:10Z,,error,context canceled; overview error: context canceled
0x47bc598c0208b5eb:0x39441dac41faa6d4,Heisszeit Eismanufaktur,35390,,,,,50.5839559,8.6744355,,,false,,,,,,,https://www.google.com/maps/place/Heisszeit+Eismanufaktur/data=!4m7!3m6!1s0x47bc598c0208b5eb:0x39441dac41faa6d4!8m2!3d50.5839559!4d8.6744355!16s%2Fg%2F11nnmh3h_w!19sChIJ67UIAoxZvEcR1Kb6QawdRDk?authuser=0&hl=de&rclk=1,2026-05-05T18:49:27Z,,error,context canceled; overview error: context canceled
0x47bc58d955f812b5:0x4f5d1aedf19db19,Hof-Bäckerei Georg Lambertz,35390,,,,,50.5915713,8.6630202,,,false,,,,,,,https://www.google.com/maps/place/Hof-B%C3%A4ckerei+Georg+Lambertz/data=!4m7!3m6!1s0x47bc58d955f812b5:0x4f5d1aedf19db19!8m2!3d50.5915713!4d8.6630202!16s%2Fg%2F1tjgzgqq!19sChIJtRL4VdlYvEcRGdsZ367R9QQ?authuser=0&hl=de&rclk=1,2026-05-05T19:00:13Z,,error,context canceled; overview error: context canceled
0x47bc58fbee60c603:0x4cb851854b3307a,Hotel & Restaurant heyligenstaedt,35390,,,,,50.5753488,8.6783267,,,false,,,,,,,https://www.google.com/maps/place/Hotel+%26+Restaurant+heyligenstaedt/data=!4m10!3m9!1s0x47bc58fbee60c603:0x4cb851854b3307a!5m2!4m1!1i2!8m2!3d50.5753488!4d8.6783267!16s%2Fg%2F1hhjbfb37!19sChIJA8Zg7vtYvEcRejCzVBiFywQ?authuser=0&hl=de&rclk=1,2026-05-05T19:07:25Z,,error,context canceled; overview error: context canceled
0x47bc58e5c6bd19f1:0xd8d8884e35df4ae6,Hotel Adler Gießen,35390,,,,,50.5796071,8.664011,,,false,,,,,,,https://www.google.com/maps/place/Hotel+Adler+Gie%C3%9Fen/data=!4m7!3m6!1s0x47bc58e5c6bd19f1:0xd8d8884e35df4ae6!8m2!3d50.5796071!4d8.664011!16s%2Fg%2F1tc_vq7j!19sChIJ8Rm9xuVYvEcR5krfNU6I2Ng?authuser=0&hl=de&rclk=1,2026-05-05T19:07:56Z,,error,context canceled; overview error: context canceled
0x47bc58ead2b48a05:0x83b314d5add10c61,Hotel am Ludwigsplatz,35390,,,,,50.5829987,8.6814729,,,false,,,,,,,https://www.google.com/maps/place/Hotel+am+Ludwigsplatz/data=!4m10!3m9!1s0x47bc58ead2b48a05:0x83b314d5add10c61!5m2!4m1!1i2!8m2!3d50.5829987!4d8.6814729!16s%2Fg%2F1tg4khhd!19sChIJBYq00upYvEcRYQzRrdUUs4M?authuser=0&hl=de&rclk=1,2026-05-05T19:07:32Z,,error,context canceled; overview error: context canceled
0x47bc597781c19ac3:0xe088ca489bdb81f8,Icke wa!,35390,,,,,50.5836047,8.6722325,,,false,,,,,,,https://www.google.com/maps/place/Icke+wa!/data=!4m7!3m6!1s0x47bc597781c19ac3:0xe088ca489bdb81f8!8m2!3d50.5836047!4d8.6722325!16s%2Fg%2F11sg37s6xm!19sChIJw5rBgXdZvEcR-IHbm0jKiOA?authuser=0&hl=de&rclk=1,2026-05-05T18:52:47Z,,error,context canceled; overview error: context canceled
0x47bc59b8d0c16029:0xa7ac78acddbc7314,Im Urlaub,35390,,,,,50.5890759,8.6631071,,,false,,,,,,,https://www.google.com/maps/place/Im+Urlaub/data=!4m7!3m6!1s0x47bc59b8d0c16029:0xa7ac78acddbc7314!8m2!3d50.5890759!4d8.6631071!16s%2Fg%2F11gjhfjgqt!19sChIJKWDB0LhZvEcRFHO83ax4rKc?authuser=0&hl=de&rclk=1,2026-05-05T19:13:10Z,,error,context canceled; overview error: context canceled
0x47bc58eb27606805:0x9f2bf8ca601b47d4,India Restaurant,35390,,,,,50.5821594,8.679365,,,false,,,,,,,https://www.google.com/maps/place/India+Restaurant/data=!4m7!3m6!1s0x47bc58eb27606805:0x9f2bf8ca601b47d4!8m2!3d50.5821594!4d8.679365!16s%2Fg%2F1td1n_8h!19sChIJBWhgJ-tYvEcR1EcbYMr4K58?authuser=0&hl=de&rclk=1,2026-05-05T18:53:15Z,,error,context canceled; overview error: context canceled
0x47bc59dfc2b911c1:0x1974fd0d2a9b806e,Indoorspielpark Maxiland,35390,,,,,50.5871464,8.6713052,,,false,,,,,,,https://www.google.com/maps/place/Indoorspielpark+Maxiland/data=!4m7!3m6!1s0x47bc59dfc2b911c1:0x1974fd0d2a9b806e!8m2!3d50.5871464!4d8.6713052!16s%2Fg%2F11vz4cfpq0!19sChIJwRG5wt9ZvEcRboCbKg39dBk?authuser=0&hl=de&rclk=1,2026-05-05T19:05:35Z,,error,context canceled; overview error: context canceled
0x47bc58d9bdbc99fd:0x84f137e6c2d12548,Inseltreff,35390,,,,,50.5947108,8.662394,,,false,,,,,,,https://www.google.com/maps/place/Inseltreff/data=!4m7!3m6!1s0x47bc58d9bdbc99fd:0x84f137e6c2d12548!8m2!3d50.5947108!4d8.662394!16s%2Fg%2F11fkqy36w7!19sChIJ_Zm8vdlYvEcRSCXRwuY38YQ?authuser=0&hl=de&rclk=1,2026-05-05T19:12:58Z,,error,context canceled; overview error: context canceled
0x47bc596bffe8ba57:0x4578dad910fa2368,Iss Was - Fusionsküche,35390,,,,,50.5832779,8.6814657,,,false,,,,,,,https://www.google.com/maps/place/Iss+Was+-+Fusionsk%C3%BCche/data=!4m7!3m6!1s0x47bc596bffe8ba57:0x4578dad910fa2368!8m2!3d50.5832779!4d8.6814657!16s%2Fg%2F11fn2hq5tz!19sChIJV7ro_2tZvEcRaCP6ENnaeEU?authuser=0&hl=de&rclk=1,2026-05-05T18:49:04Z,,error,context canceled; overview error: context canceled
0x47bc59a9573e0747:0xa1806222db50cf9d,J'ADORE Giessen,35390,,,,,50.5864577,8.6764214,,,false,,,,,,,https://www.google.com/maps/place/J%27ADORE+Giessen/data=!4m7!3m6!1s0x47bc59a9573e0747:0xa1806222db50cf9d!8m2!3d50.5864577!4d8.6764214!16s%2Fg%2F11sqkdxdgr!19sChIJRwc-V6lZvEcRnc9Q2yJigKE?authuser=0&hl=de&rclk=1,2026-05-05T19:09:33Z,,error,context canceled; overview error: context canceled
0x47bc59ad39704e67:0x93df550acb580252,"Jaima City | Shisha, Lounge & Bar",35390,,,,,50.5852069,8.6735448,,,false,,,,,,,"https://www.google.com/maps/place/Jaima+City+%7C+Shisha,+Lounge+%26+Bar/data=!4m7!3m6!1s0x47bc59ad39704e67:0x93df550acb580252!8m2!3d50.5852069!4d8.6735448!16s%2Fg%2F11f7161683!19sChIJZ05wOa1ZvEcRUgJYywpV35M?authuser=0&hl=de&rclk=1",2026-05-05T18:48:47Z,,error,context canceled; overview error: context canceled
0x47bc592671bc742b:0xa9843ca182bfa8a5,Jever Deel Bar,35390,,,,,50.5811882,8.683195,,,false,,,,,,,https://www.google.com/maps/place/Jever+Deel+Bar/data=!4m7!3m6!1s0x47bc592671bc742b:0xa9843ca182bfa8a5!8m2!3d50.5811882!4d8.683195!16s%2Fg%2F11vcfp0pgb!19sChIJK3S8cSZZvEcRpai_gqE8hKk?authuser=0&hl=de&rclk=1,2026-05-05T18:52:01Z,,error,context canceled; overview error: context canceled
0x47bc58eb20b73fd1:0x4683480178ea0091,Jhring's Wirtshaus,35390,,,,,50.5821075,8.6790303,,,false,,,,,,,https://www.google.com/maps/place/Jhring%27s+Wirtshaus/data=!4m7!3m6!1s0x47bc58eb20b73fd1:0x4683480178ea0091!8m2!3d50.5821075!4d8.6790303!16s%2Fg%2F1td75pkj!19sChIJ0T-3IOtYvEcRkQDqeAFIg0Y?authuser=0&hl=de&rclk=1,2026-05-05T18:49:08Z,,error,context canceled; overview error: context canceled
0x47bc59cfcd8b7db9:0x452651381dca3e36,Joe's Burger Gießen,35390,,,,,50.5934334,8.6801822,,,false,,,,,,,https://www.google.com/maps/place/Joe%27s+Burger+Gie%C3%9Fen/data=!4m7!3m6!1s0x47bc59cfcd8b7db9:0x452651381dca3e36!8m2!3d50.5934334!4d8.6801822!16s%2Fg%2F11s_4q0_7y!19sChIJuX2Lzc9ZvEcRNj7KHThRJkU?authuser=0&hl=de&rclk=1,2026-05-05T18:53:52Z,,error,context canceled; overview error: context canceled
0x47bc5900789ce6e9:0x94cf2048765ff02b,Joe‘s Burger Westoria Gießen,35390,,,,,50.5802227,8.6467073,,,false,,,,,,,https://www.google.com/maps/place/Joe%E2%80%98s+Burger+Westoria+Gie%C3%9Fen/data=!4m7!3m6!1s0x47bc5900789ce6e9:0x94cf2048765ff02b!8m2!3d50.5802227!4d8.6467073!16s%2Fg%2F11x2xl5hn1!19sChIJ6eaceABZvEcRK_Bfdkggz5Q?authuser=0&hl=de&rclk=1,2026-05-05T19:04:32Z,,error,context canceled; overview error: context canceled
0x47bc590060c6ec2d:0x2ed837dc9443bace,Joy & Flavour,35390,,,,,50.5852292,8.6733175,,,false,,,,,,,https://www.google.com/maps/place/Joy+%26+Flavour/data=!4m7!3m6!1s0x47bc590060c6ec2d:0x2ed837dc9443bace!8m2!3d50.5852292!4d8.6733175!16s%2Fg%2F11x04tw24l!19sChIJLezGYABZvEcRzrpDlNw32C4?authuser=0&hl=de&rclk=1,2026-05-05T19:04:45Z,,error,context canceled; overview error: context canceled
0x47bc5900215aa2d7:0x50b62f2a3cdc4303,Jui,35390,,,,,50.5786994,8.6755741,,,false,,,,,,,https://www.google.com/maps/place/Jui/data=!4m7!3m6!1s0x47bc5900215aa2d7:0x50b62f2a3cdc4303!8m2!3d50.5786994!4d8.6755741!16s%2Fg%2F11z538v638!19sChIJ16JaIQBZvEcRA0PcPCovtlA?authuser=0&hl=de&rclk=1,2026-05-05T19:07:38Z,,error,context canceled; overview error: context canceled
0x47bc58e624146585:0x9c07677910fc1ca1,Jumeirah-Shisha Lounge Bar Cafe,35390,,,,,50.5822942,8.6665342,,,false,,,,,,,https://www.google.com/maps/place/Jumeirah-Shisha+Lounge+Bar+Cafe/data=!4m7!3m6!1s0x47bc58e624146585:0x9c07677910fc1ca1!8m2!3d50.5822942!4d8.6665342!16s%2Fg%2F12mm84lj3!19sChIJhWUUJOZYvEcRoRz8EHlnB5w?authuser=0&hl=de&rclk=1,2026-05-05T18:50:11Z,,error,context canceled; overview error: context canceled
0x47bc58e8daa95bd5:0x5e94d5e517c6bb1b,Justus im Hessischen Hof,35390,,4.5,1277,Restaurant,50.5810028,8.6692389,,,false,,,,,,,https://www.google.com/maps/place/Justus+im+Hessischen+Hof/data=!4m7!3m6!1s0x47bc58e8daa95bd5:0x5e94d5e517c6bb1b!8m2!3d50.5810028!4d8.6692389!16s%2Fg%2F1tcxyyjl!19sChIJ1Vup2uhYvEcRG7vGF-XVlF4?authuser=0&hl=de&rclk=1,2026-05-05T18:45:48Z,active,success,
0x47bc58dd079be013:0xc8e94e8437a92c4c,KNOSSOS,35390,,,,,50.5878352,8.6654013,,,false,,,,,,,https://www.google.com/maps/place/KNOSSOS/data=!4m7!3m6!1s0x47bc58dd079be013:0xc8e94e8437a92c4c!8m2!3d50.5878352!4d8.6654013!16s%2Fg%2F1tdqgl5y!19sChIJE-CbB91YvEcRTCypN4RO6cg?authuser=0&hl=de&rclk=1,2026-05-05T18:59:01Z,,error,context canceled; overview error: context canceled
0x47bc58c27548151d:0x1b5fe2b74fcf7d20,KOIA,35390,,,,,50.5853026,8.6729959,,,false,,,,,,,https://www.google.com/maps/place/KOIA/data=!4m7!3m6!1s0x47bc58c27548151d:0x1b5fe2b74fcf7d20!8m2!3d50.5853026!4d8.6729959!16s%2Fg%2F11c5h2gm2d!19sChIJHRVIdcJYvEcRIH3PT7fiXxs?authuser=0&hl=de&rclk=1,2026-05-05T18:48:42Z,,error,context canceled; overview error: context canceled
0x47bc594a1a53ff25:0xe87a5ac4d473c64e,Kabul Restaurant,35390,,,,,50.5880272,8.6753751,,,false,,,,,,,https://www.google.com/maps/place/Kabul+Restaurant/data=!4m7!3m6!1s0x47bc594a1a53ff25:0xe87a5ac4d473c64e!8m2!3d50.5880272!4d8.6753751!16s%2Fg%2F11v9mw40n8!19sChIJJf9TGkpZvEcRTsZz1MRaeug?authuser=0&hl=de&rclk=1,2026-05-05T18:51:00Z,,error,context canceled; overview error: context canceled
0x47bc58ecaee37371:0x84d5a13d7f469817,Kaffee Wolkenlos,35390,,4.6,292,Café / Konditorei,50.5790498,8.6787003,,,false,,,,,,,https://www.google.com/maps/place/Kaffee+Wolkenlos/data=!4m7!3m6!1s0x47bc58ecaee37371:0x84d5a13d7f469817!8m2!3d50.5790498!4d8.6787003!16s%2Fg%2F1thf7p67!19sChIJcXPjruxYvEcRF5hGfz2h1YQ?authuser=0&hl=de&rclk=1,2026-05-05T18:46:52Z,active,success,
0x47bc59f1f404d331:0x90cb8cfd3ddb959b,KaffeeFleck Gießen,35390,,4.9,27,Café / Konditorei,50.5832801,8.6712059,,,false,,,,,,,https://www.google.com/maps/place/KaffeeFleck+Gie%C3%9Fen/data=!4m7!3m6!1s0x47bc59f1f404d331:0x90cb8cfd3ddb959b!8m2!3d50.5832801!4d8.6712059!16s%2Fg%2F11qh6_gvb5!19sChIJMdME9PFZvEcRm5XbPf2My5A?authuser=0&hl=de&rclk=1,2026-05-05T18:46:27Z,active,success,
0x47bc59d67b199cd7:0x710a630fcfb9209b,Kaffeeschreinerei Café und Röstereishop,35390,,5,23,Café / Konditorei,50.5858119,8.6703389,,,false,,,,,,,https://www.google.com/maps/place/Kaffeeschreinerei+Caf%C3%A9+und+R%C3%B6stereishop/data=!4m7!3m6!1s0x47bc59d67b199cd7:0x710a630fcfb9209b!8m2!3d50.5858119!4d8.6703389!16s%2Fg%2F11mzfdt24b!19sChIJ15wZe9ZZvEcRmyC5zw9jCnE?authuser=0&hl=de&rclk=1,2026-05-05T18:46:07Z,active,success,
0x47bc58e8875cbdd3:0x92538f873a0bd386,Kalimera - Gyros Grill,35390,,,,,50.5829653,8.6677298,,,false,,,,,,,https://www.google.com/maps/place/Kalimera+-+Gyros+Grill/data=!4m7!3m6!1s0x47bc58e8875cbdd3:0x92538f873a0bd386!8m2!3d50.5829653!4d8.6677298!16s%2Fg%2F11c1q7lrs_!19sChIJ071ch-hYvEcRhtMLOoePU5I?authuser=0&hl=de&rclk=1,2026-05-05T18:57:42Z,,error,context canceled; overview error: context canceled
0x47bc58e9fd89d1e9:0x7474abe2dcbf10bb,Kamps Bäckerei mit Backstube,35390,,,,,50.58514,8.67411,,,false,,,,,,,https://www.google.com/maps/place/Kamps+B%C3%A4ckerei+mit+Backstube/data=!4m7!3m6!1s0x47bc58e9fd89d1e9:0x7474abe2dcbf10bb!8m2!3d50.58514!4d8.67411!16s%2Fg%2F1thx34jm!19sChIJ6dGJ_elYvEcRuxC_3OKrdHQ?authuser=0&hl=de&rclk=1,2026-05-05T19:00:33Z,,error,context canceled; overview error: context canceled
0x47bc591c745db13d:0x3ffdffb0afea9024,Kamps Bäckerei mit Backstube,35390,,,,,50.58048,8.64665,,,false,,,,,,,https://www.google.com/maps/place/Kamps+B%C3%A4ckerei+mit+Backstube/data=!4m7!3m6!1s0x47bc591c745db13d:0x3ffdffb0afea9024!8m2!3d50.58048!4d8.64665!16s%2Fg%2F11bzwrm8cm!19sChIJPbFddBxZvEcRJJDqr7D__T8?authuser=0&hl=de&rclk=1,2026-05-05T19:02:28Z,,error,context canceled; overview error: context canceled
0x47bc58e58894b36f:0x4cef6b7f44d6d2e6,Kapadokya Grill & Burger,35390,,,,,50.57868,8.66565,,,false,,,,,,,https://www.google.com/maps/place/Kapadokya+Grill+%26+Burger/data=!4m7!3m6!1s0x47bc58e58894b36f:0x4cef6b7f44d6d2e6!8m2!3d50.57868!4d8.66565!16s%2Fg%2F11cn69dphm!19sChIJb7OUiOVYvEcR5tLWRH9r70w?authuser=0&hl=de&rclk=1,2026-05-05T18:56:57Z,,error,context canceled; overview error: context canceled
0x47bc588f8cff408f:0xd248c8b7f8ab1708,Kentucky Fried Chicken,35390,,,,,50.5722321,8.6902417,,,false,,,,,,,https://www.google.com/maps/place/Kentucky+Fried+Chicken/data=!4m7!3m6!1s0x47bc588f8cff408f:0xd248c8b7f8ab1708!8m2!3d50.5722321!4d8.6902417!16s%2Fg%2F11_qv87dt!19sChIJj0D_jI9YvEcRCBer-LfISNI?authuser=0&hl=de&rclk=1,2026-05-05T18:57:08Z,,error,context canceled; overview error: context canceled
0x47bc58c3dc1a062b:0x72bdbe019be2b398,Keyf-i Mangal,35390,,,,,50.5885817,8.6754327,,,false,,,,,,,https://www.google.com/maps/place/Keyf-i+Mangal/data=!4m7!3m6!1s0x47bc58c3dc1a062b:0x72bdbe019be2b398!8m2!3d50.5885817!4d8.6754327!16s%2Fg%2F11c1pgkh9q!19sChIJKwYa3MNYvEcRmLPimwG-vXI?authuser=0&hl=de&rclk=1,2026-05-05T18:49:18Z,,error,context canceled; overview error: context canceled
0x47bc58e85f3be3a7:0x65123035f6d530cb,Kim Kim,35390,,,,,50.5829905,8.6692412,,,false,,,,,,,https://www.google.com/maps/place/Kim+Kim/data=!4m7!3m6!1s0x47bc58e85f3be3a7:0x65123035f6d530cb!8m2!3d50.5829905!4d8.6692412!16s%2Fg%2F1q5hrhb09!19sChIJp-M7X-hYvEcRyzDV9jUwEmU?authuser=0&hl=de&rclk=1,2026-05-05T18:53:43Z,,error,context canceled; overview error: context canceled
0x47bc58c3d297d1a1:0x5ca81204f5d93db9,Kim Phat Sushibar,35390,,,,,50.5877919,8.6748882,,,false,,,,,,,https://www.google.com/maps/place/Kim+Phat+Sushibar/data=!4m7!3m6!1s0x47bc58c3d297d1a1:0x5ca81204f5d93db9!8m2!3d50.5877919!4d8.6748882!16s%2Fg%2F11xdltgkm!19sChIJodGX0sNYvEcRuT3Z9QQSqFw?authuser=0&hl=de&rclk=1,2026-05-05T18:52:41Z,,error,context canceled; overview error: context canceled
0x47bc58b7abec960b:0x26b3e926d8659b34,King of Kebap,35390,,,,,50.5966972,8.6881479,,,false,,,,,,,https://www.google.com/maps/place/King+of+Kebap/data=!4m7!3m6!1s0x47bc58b7abec960b:0x26b3e926d8659b34!8m2!3d50.5966972!4d8.6881479!16s%2Fg%2F11c1plz9k3!19sChIJC5bsq7dYvEcRNJtl2CbpsyY?authuser=0&hl=de&rclk=1,2026-05-05T18:54:30Z,,error,context canceled; overview error: context canceled
0x47bc589220769bf5:0xba7d37aa5c97664e,Kirche im Club,35390,,,,,50.5752892,8.6850266,,,false,,,,,,,https://www.google.com/maps/place/Kirche+im+Club/data=!4m7!3m6!1s0x47bc589220769bf5:0xba7d37aa5c97664e!8m2!3d50.5752892!4d8.6850266!16s%2Fg%2F11g6xfx1y_!19sChIJ9Zt2IJJYvEcRTmaXXKo3fbo?authuser=0&hl=de&rclk=1,2026-05-05T19:15:40Z,,error,context canceled; overview error: context canceled
0x47bc58c1dd81205d:0x8639a622bc4e2e28,Klatschmohn Naturkost GmbH,35390,,,,,50.5854586,8.6765069,,,false,,,,,,,https://www.google.com/maps/place/Klatschmohn+Naturkost+GmbH/data=!4m7!3m6!1s0x47bc58c1dd81205d:0x8639a622bc4e2e28!8m2!3d50.5854586!4d8.6765069!16s%2Fg%2F1tkqzcg3!19sChIJXSCB3cFYvEcRKC5OvCKmOYY?authuser=0&hl=de&rclk=1,2026-05-05T19:08:01Z,,error,context canceled; overview error: context canceled
0x47bc58c19e0e7bb7:0x2aa4effa088a61bf,"Klein & Fein, la piccola Italia, Wein, Feinkost aus Italien",35390,,,,,50.5877778,8.6766667,,,false,,,,,,,"https://www.google.com/maps/place/Klein+%26+Fein,+la+piccola+Italia,+Wein,+Feinkost+aus+Italien/data=!4m7!3m6!1s0x47bc58c19e0e7bb7:0x2aa4effa088a61bf!8m2!3d50.5877778!4d8.6766667!16s%2Fg%2F12lkd4_f9!19sChIJt3sOnsFYvEcRv2GKCPrvpCo?authuser=0&hl=de&rclk=1",2026-05-05T18:53:49Z,,error,context canceled; overview error: context canceled
0x47bc58bb5c63cf07:0x6e8b195fe5d75308,Klein Paulsen,35390,,,,,50.589289,8.6948004,,,false,,,,,,,https://www.google.com/maps/place/Klein+Paulsen/data=!4m7!3m6!1s0x47bc58bb5c63cf07:0x6e8b195fe5d75308!8m2!3d50.589289!4d8.6948004!16s%2Fg%2F11f53l0t2_!19sChIJB89jXLtYvEcRCFPX5V8Zi24?authuser=0&hl=de&rclk=1,2026-05-05T18:48:51Z,,error,context canceled; overview error: context canceled
0x47bc58c26bb6a213:0xe25aae18fe3c12a6,Kleines Haus des Stadttheaters Gießen,35390,,,,,50.5844913,8.6800186,,,false,,,,,,,https://www.google.com/maps/place/Kleines+Haus+des+Stadttheaters+Gie%C3%9Fen/data=!4m7!3m6!1s0x47bc58c26bb6a213:0xe25aae18fe3c12a6!8m2!3d50.5844913!4d8.6800186!16s%2Fg%2F1wd3v4nk!19sChIJE6K2a8JYvEcRphI8_hiuWuI?authuser=0&hl=de&rclk=1,2026-05-05T19:10:51Z,,error,context canceled; overview error: context canceled
0x47bc58e9a5c6e94b:0xfba7e0fc4af7b634,Kochlöffel,35390,,,,,50.5832142,8.671735,,,false,,,,,,,https://www.google.com/maps/place/Kochl%C3%B6ffel/data=!4m7!3m6!1s0x47bc58e9a5c6e94b:0xfba7e0fc4af7b634!8m2!3d50.5832142!4d8.671735!16s%2Fg%2F1vd3txj8!19sChIJS-nGpelYvEcRNLb3Svzgp_s?authuser=0&hl=de&rclk=1,2026-05-05T18:55:07Z,,error,context canceled; overview error: context canceled
0x4173b58f70a74399:0x2ffca3e27b3d5a14,Konditorei & Cafe Kurt Geißner,35390,,,,,50.5838823,8.6746001,,,false,,,,,,,https://www.google.com/maps/place/Konditorei+%26+Cafe+Kurt+Gei%C3%9Fner/data=!4m7!3m6!1s0x4173b58f70a74399:0x2ffca3e27b3d5a14!8m2!3d50.5838823!4d8.6746001!16s%2Fg%2F1tp2zhg9!19sChIJmUOncI-1c0ERFFo9e-Kj_C8?authuser=0&hl=de&rclk=1,2026-05-05T18:47:41Z,,error,context canceled; overview error: context canceled
0x47bc590763c6e853:0x2b80c6b164d4e230,Kosmetikraum Gießen,35390,,,,,50.5869816,8.6706055,,,false,,,,,,,https://www.google.com/maps/place/Kosmetikraum+Gie%C3%9Fen/data=!4m7!3m6!1s0x47bc590763c6e853:0x2b80c6b164d4e230!8m2!3d50.5869816!4d8.6706055!16s%2Fg%2F11j7xq43lw!19sChIJU-jGYwdZvEcRMOLUZLHGgCs?authuser=0&hl=de&rclk=1,2026-05-05T19:13:37Z,,error,context canceled; overview error: context canceled
0x47bc58c884f2e09f:0x4c600971456444ab,Krombacher Eck,35390,,,,,50.5955041,8.6805929,,,false,,,,,,,https://www.google.com/maps/place/Krombacher+Eck/data=!4m7!3m6!1s0x47bc58c884f2e09f:0x4c600971456444ab!8m2!3d50.5955041!4d8.6805929!16s%2Fg%2F11g6_cgxrs!19sChIJn-DyhMhYvEcRq0RkRXEJYEw?authuser=0&hl=de&rclk=1,2026-05-05T18:56:20Z,,error,context canceled; overview error: context canceled
0x47bc58ead10da76d:0xb22452102d0fe181,Kuchen & so,35390,,,,,50.5825209,8.6800483,,,false,,,,,,,https://www.google.com/maps/place/Kuchen+%26+so/data=!4m7!3m6!1s0x47bc58ead10da76d:0xb22452102d0fe181!8m2!3d50.5825209!4d8.6800483!16s%2Fg%2F1pv1gqrpp!19sChIJbacN0epYvEcRgeEPLRBSJLI?authuser=0&hl=de&rclk=1,2026-05-05T18:48:03Z,,error,context canceled; overview error: context canceled
0x47bc58dc176a9cfb:0x1536e28487636d8b,Kupferkanne,35390,,,,,50.5900795,8.6637001,,,false,,,,,,,https://www.google.com/maps/place/Kupferkanne/data=!4m7!3m6!1s0x47bc58dc176a9cfb:0x1536e28487636d8b!8m2!3d50.5900795!4d8.6637001!16s%2Fg%2F11dx99tzp8!19sChIJ-5xqF9xYvEcRi21jh4TiNhU?authuser=0&hl=de&rclk=1,2026-05-05T19:11:03Z,,error,context canceled; overview error: context canceled
0x47bc58bfbfc3328d:0xdfbf61466af7af73,Kü-Ché Café,35390,,,,,50.583492,8.6844029,,,false,,,,,,,https://www.google.com/maps/place/K%C3%BC-Ch%C3%A9+Caf%C3%A9/data=!4m7!3m6!1s0x47bc58bfbfc3328d:0xdfbf61466af7af73!8m2!3d50.583492!4d8.6844029!16s%2Fg%2F11c58dmz8l!19sChIJjTLDv79YvEcRc6_3akZhv98?authuser=0&hl=de&rclk=1,2026-05-05T18:47:35Z,,error,context canceled; overview error: context canceled
0x47bcf61b58a9498f:0x58320a50af21f7a3,LG Cobras Kickboxen Giessen (im MEIN CLUB | Top Sports Alten-Buseck),35390,,,,,50.618268,8.7354307,,,false,,,,,,,https://www.google.com/maps/place/LG+Cobras+Kickboxen+Giessen+%28im+MEIN+CLUB+%7C+Top+Sports+Alten-Buseck%29/data=!4m7!3m6!1s0x47bcf61b58a9498f:0x58320a50af21f7a3!8m2!3d50.618268!4d8.7354307!16s%2Fg%2F11gfjsdlx9!19sChIJj0mpWBv2vEcRo_chr1AKMlg?authuser=0&hl=de&rclk=1,2026-05-05T19:15:21Z,,error,context canceled; overview error: context canceled
0x47bc59cd453d2a6f:0xbc85114558003cd1,LUNA Beauty Bar,35390,,,,,50.591793,8.6775553,,,false,,,,,,,https://www.google.com/maps/place/LUNA+Beauty+Bar/data=!4m7!3m6!1s0x47bc59cd453d2a6f:0xbc85114558003cd1!8m2!3d50.591793!4d8.6775553!16s%2Fg%2F11xkrkqp7_!19sChIJbyo9Rc1ZvEcR0TwAWEURhbw?authuser=0&hl=de&rclk=1,2026-05-05T19:10:25Z,,error,context canceled; overview error: context canceled
0x47bc59c3a6a40153:0xeb6368c2f2603d53,La Barceria,35390,,,,,50.5850075,8.6714836,,,false,,,,,,,https://www.google.com/maps/place/La+Barceria/data=!4m7!3m6!1s0x47bc59c3a6a40153:0xeb6368c2f2603d53!8m2!3d50.5850075!4d8.6714836!16s%2Fg%2F11xclnblxq!19sChIJUwGkpsNZvEcRUz1g8sJoY-s?authuser=0&hl=de&rclk=1,2026-05-05T19:08:35Z,,error,context canceled; overview error: context canceled
0x47bc58e588e40001:0xb3b357e61bf1b45e,La Fumée,35390,,,,,50.5788246,8.6655274,,,false,,,,,,,https://www.google.com/maps/place/La+Fum%C3%A9e/data=!4m7!3m6!1s0x47bc58e588e40001:0xb3b357e61bf1b45e!8m2!3d50.5788246!4d8.6655274!16s%2Fg%2F11flvwwhzq!19sChIJAQDkiOVYvEcRXrTxG-ZXs7M?authuser=0&hl=de&rclk=1,2026-05-05T19:09:45Z,,error,context canceled; overview error: context canceled
0x47bc5f8b990ef6cd:0x94a4d0d5c096fbfb,La Louve Gießen,35390,,,,,50.61399,8.7043704,,,false,,,,,,,https://www.google.com/maps/place/La+Louve+Gie%C3%9Fen/data=!4m7!3m6!1s0x47bc5f8b990ef6cd:0x94a4d0d5c096fbfb!8m2!3d50.61399!4d8.7043704!16s%2Fg%2F11y8wb7bfj!19sChIJzfYOmYtfvEcR-_uWwNXQpJQ?authuser=0&hl=de&rclk=1,2026-05-05T19:13:54Z,,error,context canceled; overview error: context canceled
0x47bc58be5cc83db7:0x7b582611615c91ce,La Perla Ristorante am Schwanenteich Gießen,35390,,,,,50.5861181,8.6864006,,,false,,,,,,,https://www.google.com/maps/place/La+Perla+Ristorante+am+Schwanenteich+Gie%C3%9Fen/data=!4m7!3m6!1s0x47bc58be5cc83db7:0x7b582611615c91ce!8m2!3d50.5861181!4d8.6864006!16s%2Fg%2F1tkv8wkr!19sChIJtz3IXL5YvEcRzpFcYREmWHs?authuser=0&hl=de&rclk=1,2026-05-05T18:58:12Z,,error,context canceled; overview error: context canceled
0x47bc598a4aa873ed:0xf6022bff0fd978b1,La Piazza,35390,,,,,50.5866212,8.6707227,,,false,,,,,,,https://www.google.com/maps/place/La+Piazza/data=!4m7!3m6!1s0x47bc598a4aa873ed:0xf6022bff0fd978b1!8m2!3d50.5866212!4d8.6707227!16s%2Fg%2F11l_4khbn4!19sChIJ7XOoSopZvEcRsXjZD_8rAvY?authuser=0&hl=de&rclk=1,2026-05-05T18:57:49Z,,error,context canceled; overview error: context canceled
0x47bc5922f00244fb:0xd0f1849b9723557e,Lahnbiergarten (von Octobräu),35390,,,,,50.5870672,8.664437,,,false,,,,,,,https://www.google.com/maps/place/Lahnbiergarten+%28von+Octobr%C3%A4u%29/data=!4m7!3m6!1s0x47bc5922f00244fb:0xd0f1849b9723557e!8m2!3d50.5870672!4d8.664437!16s%2Fg%2F11x64vsdjq!19sChIJ-0QC8CJZvEcRflUjl5uE8dA?authuser=0&hl=de&rclk=1,2026-05-05T19:12:11Z,,error,context canceled; overview error: context canceled
0x47bc59464c446233:0xf04e53bb9e3eaa49,LandGRILL - Das Richtige Essen!,35390,,,,,50.597158,8.628156,,,false,,,,,,,https://www.google.com/maps/place/LandGRILL+-+Das+Richtige+Essen!/data=!4m7!3m6!1s0x47bc59464c446233:0xf04e53bb9e3eaa49!8m2!3d50.597158!4d8.628156!16s%2Fg%2F1hm69l829!19sChIJM2JETEZZvEcRSao-nrtTTvA?authuser=0&hl=de&rclk=1,2026-05-05T18:57:31Z,,error,context canceled; overview error: context canceled
0x47bc59374e89fc35:0x878d0c87dd3cc23e,Las Vegas Giessen,35390,,,,,50.5896678,8.6782082,,,false,,,,,,,https://www.google.com/maps/place/Las+Vegas+Giessen/data=!4m7!3m6!1s0x47bc59374e89fc35:0x878d0c87dd3cc23e!8m2!3d50.5896678!4d8.6782082!16s%2Fg%2F11l2k_2gly!19sChIJNfyJTjdZvEcRPsI83YcMjYc?authuser=0&hl=de&rclk=1,2026-05-05T19:09:29Z,,error,context canceled; overview error: context canceled
0x47bc58dfcb01dcf9:0x655118e198090513,Level 8 Boulderhalle Gießen,35390,,,,,50.5874569,8.6583978,,,false,,,,,,,https://www.google.com/maps/place/Level+8+Boulderhalle+Gie%C3%9Fen/data=!4m7!3m6!1s0x47bc58dfcb01dcf9:0x655118e198090513!8m2!3d50.5874569!4d8.6583978!16s%2Fg%2F11byz3gqz7!19sChIJ-dwBy99YvEcREwUJmOEYUWU?authuser=0&hl=de&rclk=1,2026-05-05T19:13:44Z,,error,context canceled; overview error: context canceled
0x47bc5924c1d22075:0xd9e8d41c5f87032d,Liebig MietClub Gießen,35390,,,,,50.5806047,8.6655439,,,false,,,,,,,https://www.google.com/maps/place/Liebig+MietClub+Gie%C3%9Fen/data=!4m7!3m6!1s0x47bc5924c1d22075:0xd9e8d41c5f87032d!8m2!3d50.5806047!4d8.6655439!16s%2Fg%2F11l6ysfkdd!19sChIJdSDSwSRZvEcRLQOHXxzU6Nk?authuser=0&hl=de&rclk=1,2026-05-05T19:12:02Z,,error,context canceled; overview error: context canceled
0x47bcf61ff43ed03d:0xeb49312c236bb3d8,Lokal International,35390,,,,,50.5827856,8.7090476,,,false,,,,,,,https://www.google.com/maps/place/Lokal+International/data=!4m7!3m6!1s0x47bcf61ff43ed03d:0xeb49312c236bb3d8!8m2!3d50.5827856!4d8.7090476!16s%2Fg%2F1thgg41p!19sChIJPdA-9B_2vEcR2LNrIywxSes?authuser=0&hl=de&rclk=1,2026-05-05T19:11:32Z,,error,context canceled; overview error: context canceled
0x47bc59ddd03c20bf:0x5f4e033c93c25c99,Louis Restaurant,35390,,,,,50.5932475,8.6799702,,,false,,,,,,,https://www.google.com/maps/place/Louis+Restaurant/data=!4m7!3m6!1s0x47bc59ddd03c20bf:0x5f4e033c93c25c99!8m2!3d50.5932475!4d8.6799702!16s%2Fg%2F11xp2hk8ml!19sChIJvyA80N1ZvEcRmVzCkzwDTl8?authuser=0&hl=de&rclk=1,2026-05-05T19:06:31Z,,error,context canceled; overview error: context canceled
0x47bc59e9994291e3:0x1a3c86a3d06ed135,Lêvy - Vietnamese Cuisine,35390,,,,,50.6005492,8.6973616,,,false,,,,,,,https://www.google.com/maps/place/L%C3%AAvy+-+Vietnamese+Cuisine/data=!4m7!3m6!1s0x47bc59e9994291e3:0x1a3c86a3d06ed135!8m2!3d50.6005492!4d8.6973616!16s%2Fg%2F11yc114lw2!19sChIJ45FCmelZvEcRNdFu0KOGPBo?authuser=0&hl=de&rclk=1,2026-05-05T18:54:42Z,,error,context canceled; overview error: context canceled
0x47bc59a7cf0b8423:0x33b25e8d1b7c30ad,Lê’s Nails & Beauty Lounge Giessen,35390,,,,,50.5842626,8.6730605,,,false,,,,,,,https://www.google.com/maps/place/L%C3%AA%E2%80%99s+Nails+%26+Beauty+Lounge+Giessen/data=!4m7!3m6!1s0x47bc59a7cf0b8423:0x33b25e8d1b7c30ad!8m2!3d50.5842626!4d8.6730605!16s%2Fg%2F11gkzt9htq!19sChIJI4QLz6dZvEcRrTB8G41esjM?authuser=0&hl=de&rclk=1,2026-05-05T19:13:34Z,,error,context canceled; overview error: context canceled
0x47bc58c183cf2059:0xe6b285251e8b195c,M & K's Up And Smoke Tour,35390,,,,,50.5874873,8.6750321,,,false,,,,,,,https://www.google.com/maps/place/M+%26+K%27s+Up+And+Smoke+Tour/data=!4m7!3m6!1s0x47bc58c183cf2059:0xe6b285251e8b195c!8m2!3d50.5874873!4d8.6750321!16s%2Fg%2F11clhqx7ym!19sChIJWSDPg8FYvEcRXBmLHiWFsuY?authuser=0&hl=de&rclk=1,2026-05-05T19:04:39Z,,error,context canceled; overview error: context canceled
0x47bc593a0a3f9443:0xd4633090aa13420b,Maki&Tea Gießen,35390,,,,,50.5794543,8.6667343,,,false,,,,,,,https://www.google.com/maps/place/Maki%26Tea+Gie%C3%9Fen/data=!4m7!3m6!1s0x47bc593a0a3f9443:0xd4633090aa13420b!8m2!3d50.5794543!4d8.6667343!16s%2Fg%2F11vp_m8fbm!19sChIJQ5Q_CjpZvEcRC0ITqpAwY9Q?authuser=0&hl=de&rclk=1,2026-05-05T19:05:54Z,,error,context canceled; overview error: context canceled
0x47bc58c3e3744d2b:0xf67db632dd3bd60,Mama of Africa Gießen,35390,,,,,50.5853983,8.6726599,,,false,,,,,,,https://www.google.com/maps/place/Mama+of+Africa+Gie%C3%9Fen/data=!4m7!3m6!1s0x47bc58c3e3744d2b:0xf67db632dd3bd60!8m2!3d50.5853983!4d8.6726599!16s%2Fg%2F1tctkxd2!19sChIJK01048NYvEcRYL3TLWPbZw8?authuser=0&hl=de&rclk=1,2026-05-05T18:50:48Z,,error,context canceled; overview error: context canceled
0x47bc58c273697da3:0x40c04f8e3119ca5d,Mamma Mia Pizza Pasta & More Gießen,35390,,,,,50.5856868,8.6729651,,,false,,,,,,,https://www.google.com/maps/place/Mamma+Mia+Pizza+Pasta+%26+More+Gie%C3%9Fen/data=!4m7!3m6!1s0x47bc58c273697da3:0x40c04f8e3119ca5d!8m2!3d50.5856868!4d8.6729651!16s%2Fg%2F1yh9tw9pz!19sChIJo31pc8JYvEcRXcoZMY5PwEA?authuser=0&hl=de&rclk=1,2026-05-05T18:56:41Z,,error,context canceled; overview error: context canceled
0x47bc59002e36d1d5:0xc2930bfd2acff1fe,Mangal Döner X LP10,35390,,,,,50.5857932,8.6765825,,,false,,,,,,,https://www.google.com/maps/place/Mangal+D%C3%B6ner+X+LP10/data=!4m7!3m6!1s0x47bc59002e36d1d5:0xc2930bfd2acff1fe!8m2!3d50.5857932!4d8.6765825!16s%2Fg%2F11ybh5mj93!19sChIJ1dE2LgBZvEcR_vHPKv0Lk8I?authuser=0&hl=de&rclk=1,2026-05-05T19:04:12Z,,error,context canceled; overview error: context canceled
0x47bc596f041b27f3:0x328174712173dda6,Matchas,35390,,,,,50.5853217,8.6712652,,,false,,,,,,,https://www.google.com/maps/place/Matchas/data=!4m7!3m6!1s0x47bc596f041b27f3:0x328174712173dda6!8m2!3d50.5853217!4d8.6712652!16s%2Fg%2F11y56ql_yg!19sChIJ8ycbBG9ZvEcRpt1zIXF0gTI?authuser=0&hl=de&rclk=1,2026-05-05T19:06:49Z,,error,context canceled; overview error: context canceled
0x47bc58c1d892e40d:0x827009b6431e3f8d,McDonald's,35390,,,,,50.5849332,8.6770528,,,false,,,,,,,https://www.google.com/maps/place/McDonald%27s/data=!4m7!3m6!1s0x47bc58c1d892e40d:0x827009b6431e3f8d!8m2!3d50.5849332!4d8.6770528!16s%2Fg%2F1tdmc_km!19sChIJDeSS2MFYvEcRjT8eQ7YJcII?authuser=0&hl=de&rclk=1,2026-05-05T19:05:39Z,,error,context canceled; overview error: context canceled
0x47bc58c3e3dd5751:0x68f6fe35a5c828f5,Mega Tandur,35390,,,,,50.5891687,8.6756905,,,false,,,,,,,https://www.google.com/maps/place/Mega+Tandur/data=!4m7!3m6!1s0x47bc58c3e3dd5751:0x68f6fe35a5c828f5!8m2!3d50.5891687!4d8.6756905!16s%2Fg%2F1hjgxxfrc!19sChIJUVfd48NYvEcR9SjIpTX-9mg?authuser=0&hl=de&rclk=1,2026-05-05T18:49:23Z,,error,context canceled; overview error: context canceled
0x47bc58bf9dff0767:0xd71128afa00f06b6,Mensa THM Gießen,35390,,,,,50.587008,8.6834718,,,false,,,,,,,https://www.google.com/maps/place/Mensa+THM+Gie%C3%9Fen/data=!4m7!3m6!1s0x47bc58bf9dff0767:0xd71128afa00f06b6!8m2!3d50.587008!4d8.6834718!16s%2Fg%2F12hk5_2cx!19sChIJZwf_nb9YvEcRtgYPoK8oEdc?authuser=0&hl=de&rclk=1,2026-05-05T19:08:09Z,,error,context canceled; overview error: context canceled
0x47bc59c1193e2773:0x41e12135fb980a19,Millerhaus,35390,,,,,50.5865779,8.6976112,,,false,,,,,,,https://www.google.com/maps/place/Millerhaus/data=!4m7!3m6!1s0x47bc59c1193e2773:0x41e12135fb980a19!8m2!3d50.5865779!4d8.6976112!16s%2Fg%2F11b7llsx7x!19sChIJcyc-GcFZvEcRGQqY-zUh4UE?authuser=0&hl=de&rclk=1,2026-05-05T18:57:05Z,,error,context canceled; overview error: context canceled
0x47bc59cc8c970f7d:0xbe62970ae1b2bc1a,Miracel Cafe,35390,,,,,50.5824973,8.6800521,,,false,,,,,,,https://www.google.com/maps/place/Miracel+Cafe/data=!4m7!3m6!1s0x47bc59cc8c970f7d:0xbe62970ae1b2bc1a!8m2!3d50.5824973!4d8.6800521!16s%2Fg%2F11wn5qtyrd!19sChIJfQ-XjMxZvEcRGryy4QqXYr4?authuser=0&hl=de&rclk=1,2026-05-05T18:50:35Z,,error,context canceled; overview error: context canceled
0x47bc59001f3d64ed:0x34395ccbcb921f41,Miracle Cafe,35390,,5,18,Café / Konditorei,50.5830834,8.6800984,,,false,,,,,,,https://www.google.com/maps/place/Miracle+Cafe/data=!4m7!3m6!1s0x47bc59001f3d64ed:0x34395ccbcb921f41!8m2!3d50.5830834!4d8.6800984!16s%2Fg%2F11wqp410rn!19sChIJ7WQ9HwBZvEcRQR-Sy8tcOTQ?authuser=0&hl=de&rclk=1,2026-05-05T18:46:39Z,active,success,
0x47bc58e52e3e584b:0xa9ab96cb9482267b,Mirch Masala,35390,,,,,50.5760053,8.6625824,,,false,,,,,,,https://www.google.com/maps/place/Mirch+Masala/data=!4m7!3m6!1s0x47bc58e52e3e584b:0xa9ab96cb9482267b!8m2!3d50.5760053!4d8.6625824!16s%2Fg%2F1v2gcw5p!19sChIJS1g-LuVYvEcReyaClMuWq6k?authuser=0&hl=de&rclk=1,2026-05-05T18:59:35Z,,error,context canceled; overview error: context canceled
0x47bc58b708c82119:0x26a3a26f565736e3,Mix Markt,35390,,,,,50.5963691,8.6883778,,,false,,,,,,,https://www.google.com/maps/place/Mix+Markt/data=!4m7!3m6!1s0x47bc58b708c82119:0x26a3a26f565736e3!8m2!3d50.5963691!4d8.6883778!16s%2Fg%2F1tfxft04!19sChIJGSHICLdYvEcR4zZXVm-ioyY?authuser=0&hl=de&rclk=1,2026-05-05T18:56:49Z,,error,context canceled; overview error: context canceled
0x47bc59e38ae4615f:0xb0f965c23fcb5afc,Mobile Cocktailbar - Miraculix Bar,35390,,,,,50.576005,8.6798156,,,false,,,,,,,https://www.google.com/maps/place/Mobile+Cocktailbar+-+Miraculix+Bar/data=!4m7!3m6!1s0x47bc59e38ae4615f:0xb0f965c23fcb5afc!8m2!3d50.576005!4d8.6798156!16s%2Fg%2F11yxnt13xk!19sChIJX2HkiuNZvEcR_FrLP8Jl-bA?authuser=0&hl=de&rclk=1,2026-05-05T19:11:40Z,,error,context canceled; overview error: context canceled
0x47bc5994d815c335:0xfe46edaba36da5ce,Moccali Cafè,35390,,,,,50.5932475,8.6799702,,,false,,,,,,,https://www.google.com/maps/place/Moccali+Caf%C3%A8/data=!4m7!3m6!1s0x47bc5994d815c335:0xfe46edaba36da5ce!8m2!3d50.5932475!4d8.6799702!16s%2Fg%2F11z4r62gc3!19sChIJNcMV2JRZvEcRzqVto6vtRv4?authuser=0&hl=de&rclk=1,2026-05-05T19:01:49Z,,error,context canceled; overview error: context canceled
0x47bc594ac1b4a4a3:0x4ea5978dd8229980,"Momà Ristorante, Pizzeria e Vini",35390,,4.6,292,Restaurant,50.5838094,8.6747576,,,false,,,,,,,"https://www.google.com/maps/place/Mom%C3%A0+Ristorante,+Pizzeria+e+Vini/data=!4m7!3m6!1s0x47bc594ac1b4a4a3:0x4ea5978dd8229980!8m2!3d50.5838094!4d8.6747576!16s%2Fg%2F11s4y7n10k!19sChIJo6S0wUpZvEcRgJki2I2XpU4?authuser=0&hl=de&rclk=1",2026-05-05T18:45:16Z,active,success,
0x47bc58e8b3c5e1d5:0x9bdc784059db6d8a,Monkeys Giessen,35390,,,,,50.5806684,8.6676901,,,false,,,,,,,https://www.google.com/maps/place/Monkeys+Giessen/data=!4m7!3m6!1s0x47bc58e8b3c5e1d5:0x9bdc784059db6d8a!8m2!3d50.5806684!4d8.6676901!16s%2Fg%2F1tjz71mg!19sChIJ1eHFs-hYvEcRim3bWUB43Js?authuser=0&hl=de&rclk=1,2026-05-05T19:15:45Z,,error,context canceled; overview error: context canceled
0x47bc59ae4de15d41:0xf3c2cbef03660873,Moto59 Foodgarage Gießen,35390,,4.2,483,Restaurant,50.5805209,8.6649178,,,false,,,,,,,https://www.google.com/maps/place/Moto59+Foodgarage+Gie%C3%9Fen/data=!4m7!3m6!1s0x47bc59ae4de15d41:0xf3c2cbef03660873!8m2!3d50.5805209!4d8.6649178!16s%2Fg%2F11vy_dvdc4!19sChIJQV3hTa5ZvEcRcwhmA-_LwvM?authuser=0&hl=de&rclk=1,2026-05-05T18:45:54Z,active,success,
0x47bc58e5d990339f:0xa3bcf9f2c3338923,Mr. Jones,35390,,,,,50.580043,8.6637655,,,false,,,,,,,https://www.google.com/maps/place/Mr.+Jones/data=!4m7!3m6!1s0x47bc58e5d990339f:0xa3bcf9f2c3338923!8m2!3d50.580043!4d8.6637655!16s%2Fg%2F1tcv9_t3!19sChIJnzOQ2eVYvEcRI4kzw_L5vKM?authuser=0&hl=de&rclk=1,2026-05-05T18:48:19Z,,error,context canceled; overview error: context canceled
0x47bcf6261b213af5:0xc923b6e0be8654aa,Musik- und Kunstverein Gießen e.V.,35390,,,,,50.5725173,8.7106342,,,false,,,,,,,https://www.google.com/maps/place/Musik-+und+Kunstverein+Gie%C3%9Fen+e.V./data=!4m7!3m6!1s0x47bcf6261b213af5:0xc923b6e0be8654aa!8m2!3d50.5725173!4d8.7106342!16s%2Fg%2F1tdcw6bw!19sChIJ9TohGyb2vEcRqlSGvuC2I8k?authuser=0&hl=de&rclk=1,2026-05-05T19:14:06Z,,error,context canceled; overview error: context canceled
0x47bc59e3004597a1:0x94e94136f145bef4,NOAMS Gießen,35390,,,,,50.5837594,8.6709762,,,false,,,,,,,https://www.google.com/maps/place/NOAMS+Gie%C3%9Fen/data=!4m7!3m6!1s0x47bc59e3004597a1:0x94e94136f145bef4!8m2!3d50.5837594!4d8.6709762!16s%2Fg%2F11h6q4pf22!19sChIJoZdFAONZvEcR9L5F8TZB6ZQ?authuser=0&hl=de&rclk=1,2026-05-05T18:49:12Z,,error,context canceled; overview error: context canceled
0x47bc58e9efde8341:0x26bf18a406d73f0c,NORDSEE Giessen Seltersweg,35390,,,,,50.5832198,8.6717385,,,false,,,,,,,https://www.google.com/maps/place/NORDSEE+Giessen+Seltersweg/data=!4m7!3m6!1s0x47bc58e9efde8341:0x26bf18a406d73f0c!8m2!3d50.5832198!4d8.6717385!16s%2Fg%2F1tctkxd3!19sChIJQYPe7-lYvEcRDD_XBqQYvyY?authuser=0&hl=de&rclk=1,2026-05-05T18:57:25Z,,error,context canceled; overview error: context canceled
0x47bc5987f5d57cf9:0xa513dd87d029c47b,NOSTOS,35390,,,,,50.584337,8.6725229,,,false,,,,,,,https://www.google.com/maps/place/NOSTOS/data=!4m7!3m6!1s0x47bc5987f5d57cf9:0xa513dd87d029c47b!8m2!3d50.584337!4d8.6725229!16s%2Fg%2F11s3clcr49!19sChIJ-XzV9YdZvEcRe8Qp0IfdE6U?authuser=0&hl=de&rclk=1,2026-05-05T18:49:32Z,,error,context canceled; overview error: context canceled
0x47bc59d9a281c2bd:0xad8b0450015d12a1,Nailbar & Co,35390,,,,,50.5850217,8.6675467,,,false,,,,,,,https://www.google.com/maps/place/Nailbar+%26+Co/data=!4m7!3m6!1s0x47bc59d9a281c2bd:0xad8b0450015d12a1!8m2!3d50.5850217!4d8.6675467!16s%2Fg%2F11h2g49klg!19sChIJvcKBotlZvEcRoRJdAVAEi60?authuser=0&hl=de&rclk=1,2026-05-05T19:10:39Z,,error,context canceled; overview error: context canceled
0x47bc588ffbb14d23:0x3106756f8faf481f,Napoli Pizza Gießen,35390,,,,,50.5733333,8.6911111,,,false,,,,,,,https://www.google.com/maps/place/Napoli+Pizza+Gie%C3%9Fen/data=!4m7!3m6!1s0x47bc588ffbb14d23:0x3106756f8faf481f!8m2!3d50.5733333!4d8.6911111!16s%2Fg%2F1xcbnr7l!19sChIJI02x-49YvEcRH0ivj291BjE?authuser=0&hl=de&rclk=1,2026-05-05T18:55:22Z,,error,context canceled; overview error: context canceled
0x47bc5978595680f1:0x74f17557e92a2f06,Nebsi,35390,,,,,50.58236,8.66665,,,false,,,,,,,https://www.google.com/maps/place/Nebsi/data=!4m7!3m6!1s0x47bc5978595680f1:0x74f17557e92a2f06!8m2!3d50.58236!4d8.66665!16s%2Fg%2F11scd4pbcl!19sChIJ8YBWWXhZvEcRBi8q6Vd18XQ?authuser=0&hl=de&rclk=1,2026-05-05T19:09:40Z,,error,context canceled; overview error: context canceled
0x47bc5910af9e0543:0x8aca1b9c667a5366,Nefis,35390,,,,,50.5878607,8.6928011,,,false,,,,,,,https://www.google.com/maps/place/Nefis/data=!4m7!3m6!1s0x47bc5910af9e0543:0x8aca1b9c667a5366!8m2!3d50.5878607!4d8.6928011!16s%2Fg%2F11ty312705!19sChIJQwWerxBZvEcRZlN6Zpwbyoo?authuser=0&hl=de&rclk=1,2026-05-05T19:00:55Z,,error,context canceled; overview error: context canceled
0x47bc59cdc0c09937:0x3db0e4151095d62f,Nesca Burger Gießen,35390,,,,,50.5789546,8.6734315,,,false,,,,,,,https://www.google.com/maps/place/Nesca+Burger+Gie%C3%9Fen/data=!4m7!3m6!1s0x47bc59cdc0c09937:0x3db0e4151095d62f!8m2!3d50.5789546!4d8.6734315!16s%2Fg%2F11fjst1bng!19sChIJN5nAwM1ZvEcRL9aVEBXksD0?authuser=0&hl=de&rclk=1,2026-05-05T18:52:18Z,,error,context canceled; overview error: context canceled
0x47bc58ee9f3d5261:0x3bb7ad2b2df0cf06,Neues Vina Haus,35390,,,,,50.5789404,8.6638597,,,false,,,,,,,https://www.google.com/maps/place/Neues+Vina+Haus/data=!4m7!3m6!1s0x47bc58ee9f3d5261:0x3bb7ad2b2df0cf06!8m2!3d50.5789404!4d8.6638597!16s%2Fg%2F1t_hy2qc!19sChIJYVI9n-5YvEcRBs_wLSuttzs?authuser=0&hl=de&rclk=1,2026-05-05T18:55:32Z,,error,context canceled; overview error: context canceled
0x47bc59002a32878f:0xf6fa901b14d4dea3,New'Ro Kitchen,35390,,,,,50.5841001,8.6712069,,,false,,,,,,,https://www.google.com/maps/place/New%27Ro+Kitchen/data=!4m7!3m6!1s0x47bc59002a32878f:0xf6fa901b14d4dea3!8m2!3d50.5841001!4d8.6712069!16s%2Fg%2F11yl8mp22y!19sChIJj4cyKgBZvEcRo97UFBuQ-vY?authuser=0&hl=de&rclk=1,2026-05-05T19:04:21Z,,error,context canceled; overview error: context canceled
0x4173b58f6447a6e3:0x18a4429bbc867139,News Café,35390,,,,,50.5841848,8.6738976,,,false,,,,,,,https://www.google.com/maps/place/News+Caf%C3%A9/data=!4m7!3m6!1s0x4173b58f6447a6e3:0x18a4429bbc867139!8m2!3d50.5841848!4d8.6738976!16s%2Fg%2F1q6cdv2sv!19sChIJ46ZHZI-1c0EROXGGvJtCpBg?authuser=0&hl=de&rclk=1,2026-05-05T18:47:20Z,,error,context canceled; overview error: context canceled
0x47bc5b03b1471e15:0x25f278875203e8f7,Octobräu - Mikrobrauerei Mittelhessen,35390,,,,,50.576217,8.5685189,,,false,,,,,,,https://www.google.com/maps/place/Octobr%C3%A4u+-+Mikrobrauerei+Mittelhessen/data=!4m7!3m6!1s0x47bc5b03b1471e15:0x25f278875203e8f7!8m2!3d50.576217!4d8.5685189!16s%2Fg%2F11h3tjg90d!19sChIJFR5HsQNbvEcR9-gDUod48iU?authuser=0&hl=de&rclk=1,2026-05-05T19:12:35Z,,error,context canceled; overview error: context canceled
0x47bc59812f0dd73f:0xb0edda59b9841ea5,OnFire - Grillbox,35390,,,,,50.6004551,8.6247679,,,false,,,,,,,https://www.google.com/maps/place/OnFire+-+Grillbox/data=!4m7!3m6!1s0x47bc59812f0dd73f:0xb0edda59b9841ea5!8m2!3d50.6004551!4d8.6247679!16s%2Fg%2F11r9ct077d!19sChIJP9cNL4FZvEcRpR6EuVna7bA?authuser=0&hl=de&rclk=1,2026-05-05T19:05:33Z,,error,context canceled; overview error: context canceled
0x47bc58fe23afe893:0xcb4dda34910a08d8,PURE - Gießen,35390,,,,,50.5701713,8.6505613,,,false,,,,,,,https://www.google.com/maps/place/PURE+-+Gie%C3%9Fen/data=!4m7!3m6!1s0x47bc58fe23afe893:0xcb4dda34910a08d8!8m2!3d50.5701713!4d8.6505613!16s%2Fg%2F11bxfzbr27!19sChIJk-ivI_5YvEcR2AgKkTTaTcs?authuser=0&hl=de&rclk=1,2026-05-05T19:12:41Z,,error,context canceled; overview error: context canceled
0x47bc59006aec5289:0x194c3af3eaedec59,Pablo | Dein Pizza Dealer,35390,,,,,50.5826833,8.6674015,,,false,,,,,,,https://www.google.com/maps/place/Pablo+%7C+Dein+Pizza+Dealer/data=!4m7!3m6!1s0x47bc59006aec5289:0x194c3af3eaedec59!8m2!3d50.5826833!4d8.6674015!16s%2Fg%2F11w367sddc!19sChIJiVLsagBZvEcRWezt6vM6TBk?authuser=0&hl=de&rclk=1,2026-05-05T18:57:53Z,,error,context canceled; overview error: context canceled
0x47bc59cd0232ad91:0xf90bbbf5aba912b8,Palmengrill Gießen,35390,,,,,50.5864119,8.6712102,,,false,,,,,,,https://www.google.com/maps/place/Palmengrill+Gie%C3%9Fen/data=!4m7!3m6!1s0x47bc59cd0232ad91:0xf90bbbf5aba912b8!8m2!3d50.5864119!4d8.6712102!16s%2Fg%2F11w9p4g7y6!19sChIJka0yAs1ZvEcRuBKpq_W7C_k?authuser=0&hl=de&rclk=1,2026-05-05T18:48:38Z,,error,context canceled; overview error: context canceled
0x47bc59958e2e2c39:0xe2bc2c9c4e31585c,Papaye grill,35390,,,,,50.5890692,8.6756758,,,false,,,,,,,https://www.google.com/maps/place/Papaye+grill/data=!4m7!3m6!1s0x47bc59958e2e2c39:0xe2bc2c9c4e31585c!8m2!3d50.5890692!4d8.6756758!16s%2Fg%2F11xlgxlb49!19sChIJOSwujpVZvEcRXFgxTpwsvOI?authuser=0&hl=de&rclk=1,2026-05-05T19:04:28Z,,error,context canceled; overview error: context canceled
0x47bc58e597c6dd65:0x12c82f6833894ba,Paprica Bar Gießen,35390,,,,,50.5787102,8.6641695,,,false,,,,,,,https://www.google.com/maps/place/Paprica+Bar+Gie%C3%9Fen/data=!4m7!3m6!1s0x47bc58e597c6dd65:0x12c82f6833894ba!8m2!3d50.5787102!4d8.6641695!16s%2Fg%2F1vhq2ttz!19sChIJZd3Gl-VYvEcRupQ4g_aCLAE?authuser=0&hl=de&rclk=1,2026-05-05T18:48:32Z,,error,context canceled; overview error: context canceled
0x47bc589604f45d6b:0xdcde829d9db03fb,Park Hotel Sletz Giessen,35390,,,,,50.5837068,8.6882659,,,false,,,,,,,https://www.google.com/maps/place/Park+Hotel+Sletz+Giessen/data=!4m10!3m9!1s0x47bc589604f45d6b:0xdcde829d9db03fb!5m2!4m1!1i2!8m2!3d50.5837068!4d8.6882659!16s%2Fg%2F1td_48ww!19sChIJa130BJZYvEcR-wPb2SnozQ0?authuser=0&hl=de&rclk=1,2026-05-05T19:07:53Z,,error,context canceled; overview error: context canceled
0x47bc58e597c6dd65:0x5b3d340a4e46a9cb,Parkhotel Friedrichstrasse,35390,,,,,50.5787861,8.6647666,,,false,,,,,,,https://www.google.com/maps/place/Parkhotel+Friedrichstrasse/data=!4m7!3m6!1s0x47bc58e597c6dd65:0x5b3d340a4e46a9cb!8m2!3d50.5787861!4d8.6647666!16s%2Fg%2F1tf14_5x!19sChIJZd3Gl-VYvEcRy6lGTgo0PVs?authuser=0&hl=de&rclk=1,2026-05-05T19:08:22Z,,error,context canceled; overview error: context canceled
0x47bc5991d59bad19:0x41792d23ddd7d9aa,Parkrestaurant Classic,35390,,,,,50.5809642,8.6831498,,,false,,,,,,,https://www.google.com/maps/place/Parkrestaurant+Classic/data=!4m7!3m6!1s0x47bc5991d59bad19:0x41792d23ddd7d9aa!8m2!3d50.5809642!4d8.6831498!16s%2Fg%2F11kt6_kc33!19sChIJGa2b1ZFZvEcRqtnX3SMteUE?authuser=0&hl=de&rclk=1,2026-05-05T18:51:49Z,,error,context canceled; overview error: context canceled
0x47bc590f7f133573:0xfe21dc9cdebdf99d,Pastaholic,35390,,4.6,635,Restaurant,50.5839115,8.6692447,,,false,,,,,,,https://www.google.com/maps/place/Pastaholic/data=!4m7!3m6!1s0x47bc590f7f133573:0xfe21dc9cdebdf99d!8m2!3d50.5839115!4d8.6692447!16s%2Fg%2F11f7l2fdxw!19sChIJczUTfw9ZvEcRnfm93pzcIf4?authuser=0&hl=de&rclk=1,2026-05-05T18:45:42Z,active,success,
0x47bc59c73740e5a9:0x42846d82090c1ee5,Pastillo 2,35390,,,,,50.5831436,8.6719552,,,false,,,,,,,https://www.google.com/maps/place/Pastillo+2/data=!4m7!3m6!1s0x47bc59c73740e5a9:0x42846d82090c1ee5!8m2!3d50.5831436!4d8.6719552!16s%2Fg%2F11r9vlfx89!19sChIJqeVAN8dZvEcR5R4MCYJthEI?authuser=0&hl=de&rclk=1,2026-05-05T18:50:43Z,,error,context canceled; overview error: context canceled
0x47bc59b2d8d27add:0xd5b3e19464d949b7,Patisserie Zahra,35390,,,,,50.5866526,8.6705477,,,false,,,,,,,https://www.google.com/maps/place/Patisserie+Zahra/data=!4m7!3m6!1s0x47bc59b2d8d27add:0xd5b3e19464d949b7!8m2!3d50.5866526!4d8.6705477!16s%2Fg%2F11qsrm8ygt!19sChIJ3XrS2LJZvEcRt0nZZJThs9U?authuser=0&hl=de&rclk=1,2026-05-05T19:01:23Z,,error,context canceled; overview error: context canceled
0x47bc590f8307ad1f:0x47e8397200583827,Pauls Suppenküche,35390,,,,,50.5872692,8.6747696,,,false,,,,,,,https://www.google.com/maps/place/Pauls+Suppenk%C3%BCche/data=!4m7!3m6!1s0x47bc590f8307ad1f:0x47e8397200583827!8m2!3d50.5872692!4d8.6747696!16s%2Fg%2F11y5g1y3nr!19sChIJH60Hgw9ZvEcRJzhYAHI56Ec?authuser=0&hl=de&rclk=1,2026-05-05T18:54:38Z,,error,context canceled; overview error: context canceled
0x47bc58c1595fed4f:0x25ad02f81412195b,Peter and Erl's - Irish Pub Gießen,35390,,,,,50.58929,8.67638,,,false,,,,,,,https://www.google.com/maps/place/Peter+and+Erl%27s+-+Irish+Pub+Gie%C3%9Fen/data=!4m7!3m6!1s0x47bc58c1595fed4f:0x25ad02f81412195b!8m2!3d50.58929!4d8.67638!16s%2Fg%2F1tg2cm2p!19sChIJT-1fWcFYvEcRWxkSFPgCrSU?authuser=0&hl=de&rclk=1,2026-05-05T18:50:29Z,,error,context canceled; overview error: context canceled
0x47bc58dc30f3ba69:0x5f31b48aec8d2e01,Phat Tai,35390,,,,,50.5891006,8.6632672,,,false,,,,,,,https://www.google.com/maps/place/Phat+Tai/data=!4m7!3m6!1s0x47bc58dc30f3ba69:0x5f31b48aec8d2e01!8m2!3d50.5891006!4d8.6632672!16s%2Fg%2F11c0w9rx3j!19sChIJabrzMNxYvEcRAS6N7Iq0MV8?authuser=0&hl=de&rclk=1,2026-05-05T18:54:05Z,,error,context canceled; overview error: context canceled
0x47bc589587fabff7:0x5bbd39d732de4d41,Pit's Pinte,35390,,,,,50.5840648,8.6854864,,,false,,,,,,,https://www.google.com/maps/place/Pit%27s+Pinte/data=!4m7!3m6!1s0x47bc589587fabff7:0x5bbd39d732de4d41!8m2!3d50.5840648!4d8.6854864!16s%2Fg%2F1tdk95jt!19sChIJ97_6h5VYvEcRQU3eMtc5vVs?authuser=0&hl=de&rclk=1,2026-05-05T18:56:54Z,,error,context canceled; overview error: context canceled
0x47bc58c1e81f31c3:0x68cf7ec152048b39,Pitta Gyros Grill,35390,,,,,50.5856569,8.6762251,,,false,,,,,,,https://www.google.com/maps/place/Pitta+Gyros+Grill/data=!4m7!3m6!1s0x47bc58c1e81f31c3:0x68cf7ec152048b39!8m2!3d50.5856569!4d8.6762251!16s%2Fg%2F1wn32skw!19sChIJwzEf6MFYvEcROYsEUsF-z2g?authuser=0&hl=de&rclk=1,2026-05-05T18:53:32Z,,error,context canceled; overview error: context canceled
0x47bc58a306316461:0x7cd60be192ff39d2,Pizza Mouse,35390,,,,,50.5865301,8.6984,,,false,,,,,,,https://www.google.com/maps/place/Pizza+Mouse/data=!4m7!3m6!1s0x47bc58a306316461:0x7cd60be192ff39d2!8m2!3d50.5865301!4d8.6984!16s%2Fg%2F11b7k43jmd!19sChIJYWQxBqNYvEcR0jn_kuEL1nw?authuser=0&hl=de&rclk=1,2026-05-05T18:58:42Z,,error,context canceled; overview error: context canceled
0x47bc598be117910d:0x342f7d3047a178ad,Pizzaholic,35390,,,,,50.5799814,8.6741241,,,false,,,,,,,https://www.google.com/maps/place/Pizzaholic/data=!4m7!3m6!1s0x47bc598be117910d:0x342f7d3047a178ad!8m2!3d50.5799814!4d8.6741241!16s%2Fg%2F11y84l7xhw!19sChIJDZEX4YtZvEcRrXihRzB9LzQ?authuser=0&hl=de&rclk=1,2026-05-05T18:55:34Z,,error,context canceled; overview error: context canceled
0x47bc58eb8bb96f1b:0xaf01837b8619cb56,Pizzeria Milano Gießen,35390,,,,,50.5801735,8.6749497,,,false,,,,,,,https://www.google.com/maps/place/Pizzeria+Milano+Gie%C3%9Fen/data=!4m7!3m6!1s0x47bc58eb8bb96f1b:0xaf01837b8619cb56!8m2!3d50.5801735!4d8.6749497!16s%2Fg%2F1tj88jy2!19sChIJG2-5i-tYvEcRVssZhnuDAa8?authuser=0&hl=de&rclk=1,2026-05-05T18:57:02Z,,error,context canceled; overview error: context canceled
0x47bc5988f88a2885:0x7c6ed09ed3a8bfb8,Pizzeria Roma,35390,,,,,50.5873793,8.6763669,,,false,,,,,,,https://www.google.com/maps/place/Pizzeria+Roma/data=!4m7!3m6!1s0x47bc5988f88a2885:0x7c6ed09ed3a8bfb8!8m2!3d50.5873793!4d8.6763669!16s%2Fg%2F11dxh_pmq2!19sChIJhSiK-IhZvEcRuL-o057Qbnw?authuser=0&hl=de&rclk=1,2026-05-05T18:53:24Z,,error,context canceled; overview error: context canceled
0x47bc58dfa57e401f:0xe6df43e2f3e1a6ab,Pizzeria West Gießen,35390,,,,,50.5882289,8.6580195,,,false,,,,,,,https://www.google.com/maps/place/Pizzeria+West+Gie%C3%9Fen/data=!4m7!3m6!1s0x47bc58dfa57e401f:0xe6df43e2f3e1a6ab!8m2!3d50.5882289!4d8.6580195!16s%2Fg%2F1tkjk9j4!19sChIJH0B-pd9YvEcRq6bh8-JD3-Y?authuser=0&hl=de&rclk=1,2026-05-05T18:58:01Z,,error,context canceled; overview error: context canceled
0x47bc59635c8059bb:0xe1b81ed1a5216c96,Plockhaus,35390,,,,,50.583573,8.6745727,,,false,,,,,,,https://www.google.com/maps/place/Plockhaus/data=!4m7!3m6!1s0x47bc59635c8059bb:0xe1b81ed1a5216c96!8m2!3d50.583573!4d8.6745727!16s%2Fg%2F11hrdz1mnv!19sChIJu1mAXGNZvEcRlmwhpdEeuOE?authuser=0&hl=de&rclk=1,2026-05-05T18:49:56Z,,error,context canceled; overview error: context canceled
0x47bc58c6edf1cb59:0x2af6fb10ba140090,Pole-Studio TSG Blau-Gold Gießen,35390,,,,,50.5919119,8.6790493,,,false,,,,,,,https://www.google.com/maps/place/Pole-Studio+TSG+Blau-Gold+Gie%C3%9Fen/data=!4m7!3m6!1s0x47bc58c6edf1cb59:0x2af6fb10ba140090!8m2!3d50.5919119!4d8.6790493!16s%2Fg%2F11c6q5rxgh!19sChIJWcvx7cZYvEcRkAAUuhD79io?authuser=0&hl=de&rclk=1,2026-05-05T19:14:19Z,,error,context canceled; overview error: context canceled
0x47bc58c7b2b2307b:0x5a2b37506a6ac28b,Premiere Sportsbar,35390,,,,,50.5931901,8.6805612,,,false,,,,,,,https://www.google.com/maps/place/Premiere+Sportsbar/data=!4m7!3m6!1s0x47bc58c7b2b2307b:0x5a2b37506a6ac28b!8m2!3d50.5931901!4d8.6805612!16s%2Fg%2F11j43dysg0!19sChIJezCyssdYvEcRi8JqalA3K1o?authuser=0&hl=de&rclk=1,2026-05-05T19:10:17Z,,error,context canceled; overview error: context canceled
0x47bcf60214e8253f:0x79d4fc57e68f930e,Primecut Steakhouse,35390,,,,,50.5966207,8.7131212,,,false,,,,,,,https://www.google.com/maps/place/Primecut+Steakhouse/data=!4m7!3m6!1s0x47bcf60214e8253f:0x79d4fc57e68f930e!8m2!3d50.5966207!4d8.7131212!16s%2Fg%2F11b6gqfqrq!19sChIJPyXoFAL2vEcRDpOP5lf81Hk?authuser=0&hl=de&rclk=1,2026-05-05T19:05:19Z,,error,context canceled; overview error: context canceled
0x47bc59c176febf09:0xd2d1a90804c26ca2,R-Café Gießen,35390,,4.3,244,Café / Konditorei,50.5891715,8.6663182,,,false,,,,,,,https://www.google.com/maps/place/R-Caf%C3%A9+Gie%C3%9Fen/data=!4m7!3m6!1s0x47bc59c176febf09:0xd2d1a90804c26ca2!8m2!3d50.5891715!4d8.6663182!16s%2Fg%2F11md414v28!19sChIJCb_-dsFZvEcRomzCBAip0dI?authuser=0&hl=de&rclk=1,2026-05-05T18:46:19Z,active,success,
0x47bc595cd286f513:0x5201f4af376dba9c,REYNABİ DÖNER Dammstraße,35390,,,,,50.5883678,8.6741928,,,false,,,,,,,https://www.google.com/maps/place/REYNAB%C4%B0+D%C3%96NER+Dammstra%C3%9Fe/data=!4m7!3m6!1s0x47bc595cd286f513:0x5201f4af376dba9c!8m2!3d50.5883678!4d8.6741928!16s%2Fg%2F11fntf4k8d!19sChIJE_WG0lxZvEcRnLptN6_0AVI?authuser=0&hl=de&rclk=1,2026-05-05T18:51:43Z,,error,context canceled; overview error: context canceled
0x47bc58a2d8a8188b:0x88538ccd0e8f6e33,REYNABİ DÖNER Grünbergerstraße,35390,,,,,50.5861875,8.6963511,,,false,,,,,,,https://www.google.com/maps/place/REYNAB%C4%B0+D%C3%96NER+Gr%C3%BCnbergerstra%C3%9Fe/data=!4m7!3m6!1s0x47bc58a2d8a8188b:0x88538ccd0e8f6e33!8m2!3d50.5861875!4d8.6963511!16s%2Fg%2F11bwl3krnk!19sChIJixio2KJYvEcRM26PDs2MU4g?authuser=0&hl=de&rclk=1,2026-05-05T18:54:26Z,,error,context canceled; overview error: context canceled
0x47bc5f4fe8387e9d:0xbc658b50aa8a758d,REYNA®,35390,,,,,50.613108,8.7025799,,,false,,,,,,,https://www.google.com/maps/place/REYNA%C2%AE/data=!4m7!3m6!1s0x47bc5f4fe8387e9d:0xbc658b50aa8a758d!8m2!3d50.613108!4d8.7025799!16s%2Fg%2F11c1q8s4x5!19sChIJnX446E9fvEcRjXWKqlCLZbw?authuser=0&hl=de&rclk=1,2026-05-05T19:12:50Z,,error,context canceled; overview error: context canceled
0x47bc58ec1c7d161d:0x101f2e4b5428d037,RITZI:S Musik&Sportsbar,35390,,,,,50.57917,8.67319,,,false,,,,,,,https://www.google.com/maps/place/RITZI:S+Musik%26Sportsbar/data=!4m7!3m6!1s0x47bc58ec1c7d161d:0x101f2e4b5428d037!8m2!3d50.57917!4d8.67319!16s%2Fg%2F1tkjk9j9!19sChIJHRZ9HOxYvEcRN9AoVEsuHxA?authuser=0&hl=de&rclk=1,2026-05-05T18:52:07Z,,error,context canceled; overview error: context canceled
0x47bc58ad20820af1:0xd15e4c63a89d9b57,Rainer La-Bruja,35390,,,,,50.6026942,8.7036867,,,false,,,,,,,https://www.google.com/maps/place/Rainer+La-Bruja/data=!4m7!3m6!1s0x47bc58ad20820af1:0xd15e4c63a89d9b57!8m2!3d50.6026942!4d8.7036867!16s%2Fg%2F1tf1mymg!19sChIJ8QqCIK1YvEcRV5udqGNMXtE?authuser=0&hl=de&rclk=1,2026-05-05T19:11:28Z,,error,context canceled; overview error: context canceled
0x47bc58956aa36769:0xddac71166ad6e6a1,Rally Pizzeria Grünberger Str.4 Giessen,35390,,,,,50.5831869,8.6824507,,,false,,,,,,,https://www.google.com/maps/place/Rally+Pizzeria+Gr%C3%BCnberger+Str.4+Giessen/data=!4m7!3m6!1s0x47bc58956aa36769:0xddac71166ad6e6a1!8m2!3d50.5831869!4d8.6824507!16s%2Fg%2F1ptvxtjdp!19sChIJaWejapVYvEcRoebWahZxrN0?authuser=0&hl=de&rclk=1,2026-05-05T18:58:21Z,,error,context canceled; overview error: context canceled
0x47bc59772e8390f3:0x6591210a43c1f2b3,Rauchwerk Giessen,35390,,,,,50.5849128,8.675947,,,false,,,,,,,https://www.google.com/maps/place/Rauchwerk+Giessen/data=!4m7!3m6!1s0x47bc59772e8390f3:0x6591210a43c1f2b3!8m2!3d50.5849128!4d8.675947!16s%2Fg%2F11jdpbvy9q!19sChIJ85CDLndZvEcRs_LBQwohkWU?authuser=0&hl=de&rclk=1,2026-05-05T18:51:32Z,,error,context canceled; overview error: context canceled
0x47bc58c18d54b9ef:0xb291733aec99ce39,Red Chillies,35390,,,,,50.5862914,8.6758777,,,false,,,,,,,https://www.google.com/maps/place/Red+Chillies/data=!4m7!3m6!1s0x47bc58c18d54b9ef:0xb291733aec99ce39!8m2!3d50.5862914!4d8.6758777!16s%2Fg%2F12mjyh37n!19sChIJ77lUjcFYvEcROc6Z7DpzkbI?authuser=0&hl=de&rclk=1,2026-05-05T18:56:33Z,,error,context canceled; overview error: context canceled
0x47bc58c18d48f7db:0xa05a4012ec508e25,Red Flame,35390,,,,,50.5863245,8.6758277,,,false,,,,,,,https://www.google.com/maps/place/Red+Flame/data=!4m7!3m6!1s0x47bc58c18d48f7db:0xa05a4012ec508e25!8m2!3d50.5863245!4d8.6758277!16s%2Fg%2F11c6dbgbr_!19sChIJ2_dIjcFYvEcRJY5Q7BJAWqA?authuser=0&hl=de&rclk=1,2026-05-05T18:52:57Z,,error,context canceled; overview error: context canceled
0x47bc5945ebcfb14f:0xd0998ed7f4aa0e69,Red Hot Pizza,35390,,,,,50.591571,8.674031,,,false,,,,,,,https://www.google.com/maps/place/Red+Hot+Pizza/data=!4m7!3m6!1s0x47bc5945ebcfb14f:0xd0998ed7f4aa0e69!8m2!3d50.591571!4d8.674031!16s%2Fg%2F11gy4wjjy3!19sChIJT7HP60VZvEcRaQ6q9NeOmdA?authuser=0&hl=de&rclk=1,2026-05-05T18:59:17Z,,error,context canceled; overview error: context canceled
0x47bc59007b23fc2b:0xe6baf191663e0187,Red Lion Cannabis Culture Club Gießen e.V.,35390,,,,,50.5835084,8.6839957,,,false,,,,,,,https://www.google.com/maps/place/Red+Lion+Cannabis+Culture+Club+Gie%C3%9Fen+e.V./data=!4m7!3m6!1s0x47bc59007b23fc2b:0xe6baf191663e0187!8m2!3d50.5835084!4d8.6839957!16s%2Fg%2F11w201xjqd!19sChIJK_wjewBZvEcRhwE-ZpHxuuY?authuser=0&hl=de&rclk=1,2026-05-05T19:15:13Z,,error,context canceled; overview error: context canceled
0x47bc58983d7e9a3b:0x2f56b3b7df561a2,Restaurant & Pizzeria Olive Gießen,35390,,,,,50.5822606,8.6949719,,,false,,,,,,,https://www.google.com/maps/place/Restaurant+%26+Pizzeria+Olive+Gie%C3%9Fen/data=!4m7!3m6!1s0x47bc58983d7e9a3b:0x2f56b3b7df561a2!8m2!3d50.5822606!4d8.6949719!16s%2Fg%2F11b6vd8vwy!19sChIJO5p-PZhYvEcRomH1fTtr9QI?authuser=0&hl=de&rclk=1,2026-05-05T18:58:16Z,,error,context canceled; overview error: context canceled
0x47bc5897e85f04cb:0xba3a33827a175818,Restaurant Akropolis,35390,,,,,50.5830487,8.6927466,,,false,,,,,,,https://www.google.com/maps/place/Restaurant+Akropolis/data=!4m7!3m6!1s0x47bc5897e85f04cb:0xba3a33827a175818!8m2!3d50.5830487!4d8.6927466!16s%2Fg%2F1tglgfbf!19sChIJywRf6JdYvEcRGFgXeoIzOro?authuser=0&hl=de&rclk=1,2026-05-05T18:57:21Z,,error,context canceled; overview error: context canceled
0x47bc589530fc2b7d:0x7307eb6d49c60957,Restaurant CROATICA,35390,,,,,50.582971,8.6814314,,,false,,,,,,,https://www.google.com/maps/place/Restaurant+CROATICA/data=!4m7!3m6!1s0x47bc589530fc2b7d:0x7307eb6d49c60957!8m2!3d50.582971!4d8.6814314!16s%2Fg%2F1tfmbbqp!19sChIJfSv8MJVYvEcRVwnGSW3rB3M?authuser=0&hl=de&rclk=1,2026-05-05T18:51:05Z,,error,context canceled; overview error: context canceled
0x47bc58e9b45e9fbd:0xdb8d2b6c5982a174,Restaurant Chamäleon,35390,,,,,50.5838274,8.6711097,,,false,,,,,,,https://www.google.com/maps/place/Restaurant+Cham%C3%A4leon/data=!4m7!3m6!1s0x47bc58e9b45e9fbd:0xdb8d2b6c5982a174!8m2!3d50.5838274!4d8.6711097!16s%2Fg%2F1tg2cm2s!19sChIJvZ9etOlYvEcRdKGCWWwrjds?authuser=0&hl=de&rclk=1,2026-05-05T18:48:06Z,,error,context canceled; overview error: context canceled
0x47bc58b4b1fb71dd:0x4ca539727ac550f0,Restaurant Karlsruh,35390,,,,,50.6041159,8.6931185,,,false,,,,,,,https://www.google.com/maps/place/Restaurant+Karlsruh/data=!4m7!3m6!1s0x47bc58b4b1fb71dd:0x4ca539727ac550f0!8m2!3d50.6041159!4d8.6931185!16s%2Fg%2F1tj4xtt2!19sChIJ3XH7sbRYvEcR8FDFenI5pUw?authuser=0&hl=de&rclk=1,2026-05-05T18:58:33Z,,error,context canceled; overview error: context canceled
0x47bc59878883d681:0xa045e2b67d73cae8,Restaurant Lahnwiesen,35390,,,,,50.5759391,8.6550596,,,false,,,,,,,https://www.google.com/maps/place/Restaurant+Lahnwiesen/data=!4m7!3m6!1s0x47bc59878883d681:0xa045e2b67d73cae8!8m2!3d50.5759391!4d8.6550596!16s%2Fg%2F11xtwkn1xx!19sChIJgdaDiIdZvEcR6MpzfbbiRaA?authuser=0&hl=de&rclk=1,2026-05-05T18:54:46Z,,error,context canceled; overview error: context canceled
0x47bc5897c3301b91:0x6fd66750471e2d22,Restaurant Pizza Pie,35390,,,,,50.58316,8.69239,,,false,,,,,,,https://www.google.com/maps/place/Restaurant+Pizza+Pie/data=!4m7!3m6!1s0x47bc5897c3301b91:0x6fd66750471e2d22!8m2!3d50.58316!4d8.69239!16s%2Fg%2F1tfb12s9!19sChIJkRsww5dYvEcRIi0eR1Bn1m8?authuser=0&hl=de&rclk=1,2026-05-05T18:58:25Z,,error,context canceled; overview error: context canceled
0x47bc5836149d2679:0x39eea592430c4dea,Restaurant Rosmarin,35390,,,,,50.57769,8.69628,,,false,,,,,,,https://www.google.com/maps/place/Restaurant+Rosmarin/data=!4m7!3m6!1s0x47bc5836149d2679:0x39eea592430c4dea!8m2!3d50.57769!4d8.69628!16s%2Fg%2F11f__xpv33!19sChIJeSadFDZYvEcR6k0MQ5Kl7jk?authuser=0&hl=de&rclk=1,2026-05-05T18:59:20Z,,error,context canceled; overview error: context canceled
0x47bc58c19fa62a01:0xa5e2e4308fd6044e,Restaurant Schloßkeller,35390,,,,,50.5868864,8.6764599,,,false,,,,,,,https://www.google.com/maps/place/Restaurant+Schlo%C3%9Fkeller/data=!4m7!3m6!1s0x47bc58c19fa62a01:0xa5e2e4308fd6044e!8m2!3d50.5868864!4d8.6764599!16s%2Fg%2F11b6y9bzl0!19sChIJASqmn8FYvEcRTgTWjzDk4qU?authuser=0&hl=de&rclk=1,2026-05-05T18:51:56Z,,error,context canceled; overview error: context canceled
0x47bc58de35a5e2cf:0xe5957aee5e778681,Restaurant Syrtaki (Boxerclub),35390,,,,,50.5874398,8.6589251,,,false,,,,,,,https://www.google.com/maps/place/Restaurant+Syrtaki+%28Boxerclub%29/data=!4m7!3m6!1s0x47bc58de35a5e2cf:0xe5957aee5e778681!8m2!3d50.5874398!4d8.6589251!16s%2Fg%2F1vhkjnq6!19sChIJz-KlNd5YvEcRgYZ3Xu56leU?authuser=0&hl=de&rclk=1,2026-05-05T19:15:18Z,,error,context canceled; overview error: context canceled
0x47bc59002b10685b:0x65d3df9a9764034f,Restaurant Toscana,35390,,4.9,306,Restaurant,50.5779953,8.6822061,,,false,,,,,,,https://www.google.com/maps/place/Restaurant+Toscana/data=!4m7!3m6!1s0x47bc59002b10685b:0x65d3df9a9764034f!8m2!3d50.5779953!4d8.6822061!16s%2Fg%2F11x1t0pmv6!19sChIJW2gQKwBZvEcRTwNkl5rf02U?authuser=0&hl=de&rclk=1,2026-05-05T18:23:14Z,active,success,
0x47bc58ef62187837:0xac4e4f06287f1800,Ristorante Adria,35390,,,,,50.57883,8.66579,,,false,,,,,,,https://www.google.com/maps/place/Ristorante+Adria/data=!4m7!3m6!1s0x47bc58ef62187837:0xac4e4f06287f1800!8m2!3d50.57883!4d8.66579!16s%2Fg%2F1tdp8r0l!19sChIJN3gYYu9YvEcRABh_KAZPTqw?authuser=0&hl=de&rclk=1,2026-05-05T18:58:06Z,,error,context canceled; overview error: context canceled
0x47bc58c1f14d3dc1:0x217e801155ab4c90,Ristorante Pizzeria Italia,35390,,,,,50.585923,8.6752849,,,false,,,,,,,https://www.google.com/maps/place/Ristorante+Pizzeria+Italia/data=!4m7!3m6!1s0x47bc58c1f14d3dc1:0x217e801155ab4c90!8m2!3d50.585923!4d8.6752849!16s%2Fg%2F1tgds7k9!19sChIJwT1N8cFYvEcRkEyrVRGAfiE?authuser=0&hl=de&rclk=1,2026-05-05T18:59:46Z,,error,context canceled; overview error: context canceled
0x47bc58eb8546dec9:0x5c8c16379feec470,Ristorante Trattoria Nudelstube,35390,,,,,50.5804917,8.6757222,,,false,,,,,,,https://www.google.com/maps/place/Ristorante+Trattoria+Nudelstube/data=!4m7!3m6!1s0x47bc58eb8546dec9:0x5c8c16379feec470!8m2!3d50.5804917!4d8.6757222!16s%2Fg%2F1tfd624s!19sChIJyd5GhetYvEcRcMTunzcWjFw?authuser=0&hl=de&rclk=1,2026-05-05T18:51:16Z,,error,context canceled; overview error: context canceled
0x47bc598dd6a99f49:0x7350f961a078d084,Rooster Fried Chicken,35390,,,,,50.5865302,8.6709392,,,false,,,,,,,https://www.google.com/maps/place/Rooster+Fried+Chicken/data=!4m7!3m6!1s0x47bc598dd6a99f49:0x7350f961a078d084!8m2!3d50.5865302!4d8.6709392!16s%2Fg%2F11yj9pz1jr!19sChIJSZ-p1o1ZvEcRhNB4oGH5UHM?authuser=0&hl=de&rclk=1,2026-05-05T19:04:35Z,,error,context canceled; overview error: context canceled
0x47bc58dcf6cb6b67:0x6ac98cba527d39e8,Rot-Weiß-Club Gießen e.V.,35390,,,,,50.589191,8.6663216,,,false,,,,,,,https://www.google.com/maps/place/Rot-Wei%C3%9F-Club+Gie%C3%9Fen+e.V./data=!4m7!3m6!1s0x47bc58dcf6cb6b67:0x6ac98cba527d39e8!8m2!3d50.589191!4d8.6663216!16s%2Fg%2F1tlbhp4s!19sChIJZ2vL9txYvEcR6Dl9UrqMyWo?authuser=0&hl=de&rclk=1,2026-05-05T19:14:00Z,,error,context canceled; overview error: context canceled
0x47bc59bbfcc67465:0xbd4e3e990275aeb5,Royal Lebanon Resturant 🇱🇧,35390,,,,,50.5871663,8.669132,,,false,,,,,,,https://www.google.com/maps/place/Royal+Lebanon+Resturant+%F0%9F%87%B1%F0%9F%87%A7/data=!4m7!3m6!1s0x47bc59bbfcc67465:0xbd4e3e990275aeb5!8m2!3d50.5871663!4d8.669132!16s%2Fg%2F11h7f_ljc6!19sChIJZXTG_LtZvEcRta51Apk-Tr0?authuser=0&hl=de&rclk=1,2026-05-05T18:50:51Z,,error,context canceled; overview error: context canceled
0x47bc59eb847e4e51:0x8579b0ed2918a11a,SATTBLAU Café & Restaurant,35390,,,,,50.5808962,8.6766345,,,false,,,,,,,https://www.google.com/maps/place/SATTBLAU+Caf%C3%A9+%26+Restaurant/data=!4m7!3m6!1s0x47bc59eb847e4e51:0x8579b0ed2918a11a!8m2!3d50.5808962!4d8.6766345!16s%2Fg%2F11zk90dd9j!19sChIJUU5-hOtZvEcRGqEYKe2weYU?authuser=0&hl=de&rclk=1,2026-05-05T18:59:29Z,,error,context canceled; overview error: context canceled
0x47bc58c29c438e51:0x9992af89ba4ff9b2,SATTBLAU Weinhandel (ehemals Drossel & Specht),35390,,,,,50.58086,8.67659,,,false,,,,,,,https://www.google.com/maps/place/SATTBLAU+Weinhandel+%28ehemals+Drossel+%26+Specht%29/data=!4m7!3m6!1s0x47bc58c29c438e51:0x9992af89ba4ff9b2!8m2!3d50.58086!4d8.67659!16s%2Fg%2F11gh03wvrz!19sChIJUY5DnMJYvEcRsvlPuomvkpk?authuser=0&hl=de&rclk=1,2026-05-05T19:10:06Z,,error,context canceled; overview error: context canceled
0x47bc59173a8defa3:0x24b726ef4a30c9be,Sai Gon Schnellimbiss,35390,,,,,50.5842887,8.6868321,,,false,,,,,,,https://www.google.com/maps/place/Sai+Gon+Schnellimbiss/data=!4m7!3m6!1s0x47bc59173a8defa3:0x24b726ef4a30c9be!8m2!3d50.5842887!4d8.6868321!16s%2Fg%2F11gmglzlv1!19sChIJo--NOhdZvEcRvskwSu8mtyQ?authuser=0&hl=de&rclk=1,2026-05-05T18:54:11Z,,error,context canceled; overview error: context canceled
0x47bc5947115e248d:0x444eec5ce09b8bda,Sait Usta Döner & Burger,35390,,,,,50.5795976,8.6630694,,,false,,,,,,,https://www.google.com/maps/place/Sait+Usta+D%C3%B6ner+%26+Burger/data=!4m7!3m6!1s0x47bc5947115e248d:0x444eec5ce09b8bda!8m2!3d50.5795976!4d8.6630694!16s%2Fg%2F11y_kh3w69!19sChIJjSReEUdZvEcR2oub4FzsTkQ?authuser=0&hl=de&rclk=1,2026-05-05T18:53:58Z,,error,context canceled; overview error: context canceled
0x47bc58ea75596ce9:0xa49869cd2a2e1f33,Salädchen Gießen Mitte,35390,,,,,50.5849731,8.676523,,,false,,,,,,,https://www.google.com/maps/place/Sal%C3%A4dchen+Gie%C3%9Fen+Mitte/data=!4m7!3m6!1s0x47bc58ea75596ce9:0xa49869cd2a2e1f33!8m2!3d50.5849731!4d8.676523!16s%2Fg%2F1ptvtrkqs!19sChIJ6WxZdepYvEcRMx8uKs1pmKQ?authuser=0&hl=de&rclk=1,2026-05-05T18:52:51Z,,error,context canceled; overview error: context canceled
0x47bc597e960c5f29:0x2ce33227802bd22,SaraCafe,35390,,,,,50.59323,8.67996,,,false,,,,,,,https://www.google.com/maps/place/SaraCafe/data=!4m7!3m6!1s0x47bc597e960c5f29:0x2ce33227802bd22!8m2!3d50.59323!4d8.67996!16s%2Fg%2F11j0qhtx6s!19sChIJKV8Mln5ZvEcRIr0CeCIzzgI?authuser=0&hl=de&rclk=1,2026-05-05T18:49:46Z,,error,context canceled; overview error: context canceled
0x47bcf767245efcc1:0x8f9d0c26040148d2,Saz Club & Bar Giessen,35390,,,,,50.5723132,8.7128542,,,false,,,,,,,https://www.google.com/maps/place/Saz+Club+%26+Bar+Giessen/data=!4m7!3m6!1s0x47bcf767245efcc1:0x8f9d0c26040148d2!8m2!3d50.5723132!4d8.7128542!16s%2Fg%2F11s9cx5642!19sChIJwfxeJGf3vEcR0kgBBCYMnY8?authuser=0&hl=de&rclk=1,2026-05-05T19:11:24Z,,error,context canceled; overview error: context canceled
0x47bc59f05c0e44bf:0xeeb269a1167f07ea,Schachklub 1858 Gießen e.V.,35390,,,,,50.5827293,8.6782963,,,false,,,,,,,https://www.google.com/maps/place/Schachklub+1858+Gie%C3%9Fen+e.V./data=!4m7!3m6!1s0x47bc59f05c0e44bf:0xeeb269a1167f07ea!8m2!3d50.5827293!4d8.6782963!16s%2Fg%2F11l30b_6vx!19sChIJv0QOXPBZvEcR6gd_FqFpsu4?authuser=0&hl=de&rclk=1,2026-05-05T19:15:03Z,,error,context canceled; overview error: context canceled
0x47bc58fad2b8a0f1:0xd7990270cadc664f,Schnitzelhaus,35390,,,,,50.5755244,8.6625117,,,false,,,,,,,https://www.google.com/maps/place/Schnitzelhaus/data=!4m7!3m6!1s0x47bc58fad2b8a0f1:0xd7990270cadc664f!8m2!3d50.5755244!4d8.6625117!16s%2Fg%2F1xb2cp7l!19sChIJ8aC40vpYvEcRT2bcynACmdc?authuser=0&hl=de&rclk=1,2026-05-05T18:56:05Z,,error,context canceled; overview error: context canceled
0x4173ca631d9f4495:0xc1969c563e57a57,Schwälmer Brotladen,35390,,,,,50.6002966,8.6967497,,,false,,,,,,,https://www.google.com/maps/place/Schw%C3%A4lmer+Brotladen/data=!4m7!3m6!1s0x4173ca631d9f4495:0xc1969c563e57a57!8m2!3d50.6002966!4d8.6967497!16s%2Fg%2F12lrxcp2k!19sChIJlUSfHWPKc0ERV3rlY8VpGQw?authuser=0&hl=de&rclk=1,2026-05-05T19:07:48Z,,error,context canceled; overview error: context canceled
0x47bc597da7eb7937:0xc6f60c38f3a00670,Schwälmer Brotladen,35390,,,,,50.5795781,8.6626137,,,false,,,,,,,https://www.google.com/maps/place/Schw%C3%A4lmer+Brotladen/data=!4m7!3m6!1s0x47bc597da7eb7937:0xc6f60c38f3a00670!8m2!3d50.5795781!4d8.6626137!16s%2Fg%2F11fgjlwg0n!19sChIJN3nrp31ZvEcRcAag8zgM9sY?authuser=0&hl=de&rclk=1,2026-05-05T19:02:20Z,,error,context canceled; overview error: context canceled
0x47bc5857fdc2efb1:0x94f79f885369e2c8,Schwälmer Brotladen,35390,,,,,50.56523,8.661291,,,false,,,,,,,https://www.google.com/maps/place/Schw%C3%A4lmer+Brotladen/data=!4m7!3m6!1s0x47bc5857fdc2efb1:0x94f79f885369e2c8!8m2!3d50.56523!4d8.661291!16s%2Fg%2F11cmy3wnsm!19sChIJse_C_VdYvEcRyOJpU4if95Q?authuser=0&hl=de&rclk=1,2026-05-05T19:02:40Z,,error,context canceled; overview error: context canceled
0x47bc58c2205c8511:0x582e5f216e10514b,Schwälmer Brotladen,35390,,,,,50.5864779,8.6750624,,,false,,,,,,,https://www.google.com/maps/place/Schw%C3%A4lmer+Brotladen/data=!4m7!3m6!1s0x47bc58c2205c8511:0x582e5f216e10514b!8m2!3d50.5864779!4d8.6750624!16s%2Fg%2F11cmry75gy!19sChIJEYVcIMJYvEcRS1EQbiFfLlg?authuser=0&hl=de&rclk=1,2026-05-05T19:00:29Z,,error,context canceled; overview error: context canceled
0x47bc58b590ca95ab:0x4d7f1d223081ab56,Schwälmer Brotladen,35390,,,,,50.6013749,8.6870053,,,false,,,,,,,https://www.google.com/maps/place/Schw%C3%A4lmer+Brotladen/data=!4m7!3m6!1s0x47bc58b590ca95ab:0x4d7f1d223081ab56!8m2!3d50.6013749!4d8.6870053!16s%2Fg%2F11d_tp6wq6!19sChIJq5XKkLVYvEcRVquBMCIdf00?authuser=0&hl=de&rclk=1,2026-05-05T19:00:37Z,,error,context canceled; overview error: context canceled
0x47bc5970a43a8e95:0x2cc521188442f24d,Schwälmer Brotladen,35390,,,,,50.585452,8.6962778,,,false,,,,,,,https://www.google.com/maps/place/Schw%C3%A4lmer+Brotladen/data=!4m7!3m6!1s0x47bc5970a43a8e95:0x2cc521188442f24d!8m2!3d50.585452!4d8.6962778!16s%2Fg%2F11wh6f1d2l!19sChIJlY46pHBZvEcRTfJChBghxSw?authuser=0&hl=de&rclk=1,2026-05-05T19:01:20Z,,error,context canceled; overview error: context canceled
0x47bc58e82b07e817:0x2f917155a6413f3,Schwätzer & Söhne,35390,,,,,50.5852022,8.671121,,,false,,,,,,,https://www.google.com/maps/place/Schw%C3%A4tzer+%26+S%C3%B6hne/data=!4m7!3m6!1s0x47bc58e82b07e817:0x2f917155a6413f3!8m2!3d50.5852022!4d8.671121!16s%2Fg%2F11ckvv8jbt!19sChIJF-gHK-hYvEcR8xNkWhUX-QI?authuser=0&hl=de&rclk=1,2026-05-05T18:52:25Z,,error,context canceled; overview error: context canceled
0x47bc597aee94959d:0xfe0995f60ed895cf,Schäfer Dein Bäcker GmbH,35390,,,,,50.5796658,8.6768014,,,false,,,,,,,https://www.google.com/maps/place/Sch%C3%A4fer+Dein+B%C3%A4cker+GmbH/data=!4m7!3m6!1s0x47bc597aee94959d:0xfe0995f60ed895cf!8m2!3d50.5796658!4d8.6768014!16s%2Fg%2F11x0f3yvst!19sChIJnZWU7npZvEcRz5XYDvaVCf4?authuser=0&hl=de&rclk=1,2026-05-05T19:01:04Z,,error,context canceled; overview error: context canceled
0x47bc59c3c545ba09:0x5bdf9bc78cf2e08b,Schäfer Dein Bäcker GmbH,35390,,,,,50.5809683,8.7061999,,,false,,,,,,,https://www.google.com/maps/place/Sch%C3%A4fer+Dein+B%C3%A4cker+GmbH/data=!4m7!3m6!1s0x47bc59c3c545ba09:0x5bdf9bc78cf2e08b!8m2!3d50.5809683!4d8.7061999!16s%2Fg%2F11w_htm6km!19sChIJCbpFxcNZvEcRi-DyjMeb31s?authuser=0&hl=de&rclk=1,2026-05-05T19:02:00Z,,error,context canceled; overview error: context canceled
0x47bc59a5cf3576a1:0x31566d5b211c6315,Schäfer Dein Bäcker GmbH,35390,,,,,50.5757,8.66219,,,false,,,,,,,https://www.google.com/maps/place/Sch%C3%A4fer+Dein+B%C3%A4cker+GmbH/data=!4m7!3m6!1s0x47bc59a5cf3576a1:0x31566d5b211c6315!8m2!3d50.5757!4d8.66219!16s%2Fg%2F11x1yj__5p!19sChIJoXY1z6VZvEcRFWMcIVttVjE?authuser=0&hl=de&rclk=1,2026-05-05T19:02:16Z,,error,context canceled; overview error: context canceled
0x47bc59920053803b:0xd36ab371859c7fff,Schäfer Dein Bäcker GmbH,35390,,,,,50.555209,8.6464344,,,false,,,,,,,https://www.google.com/maps/place/Sch%C3%A4fer+Dein+B%C3%A4cker+GmbH/data=!4m7!3m6!1s0x47bc59920053803b:0xd36ab371859c7fff!8m2!3d50.555209!4d8.6464344!16s%2Fg%2F11l2043z_q!19sChIJO4BTAJJZvEcR_3-chXGzatM?authuser=0&hl=de&rclk=1,2026-05-05T19:03:34Z,,error,context canceled; overview error: context canceled
0x47bc5902a49b1a87:0x6aae77453297968f,Schäfer Dein Bäcker GmbH,35390,,,,,50.586439,8.6741361,,,false,,,,,,,https://www.google.com/maps/place/Sch%C3%A4fer+Dein+B%C3%A4cker+GmbH/data=!4m7!3m6!1s0x47bc5902a49b1a87:0x6aae77453297968f!8m2!3d50.586439!4d8.6741361!16s%2Fg%2F11x0f37rfy!19sChIJhxqbpAJZvEcRj5aXMkV3rmo?authuser=0&hl=de&rclk=1,2026-05-05T19:00:25Z,,error,context canceled; overview error: context canceled
0x47bc594e353760bd:0x7b6ace5e7b7b2ac9,Schäfers Backstuben GmbH,35390,,,,,50.5864524,8.6551847,,,false,,,,,,,https://www.google.com/maps/place/Sch%C3%A4fers+Backstuben+GmbH/data=!4m7!3m6!1s0x47bc594e353760bd:0x7b6ace5e7b7b2ac9!8m2!3d50.5864524!4d8.6551847!16s%2Fg%2F11r9vwbh3z!19sChIJvWA3NU5ZvEcRySp7e17Oans?authuser=0&hl=de&rclk=1,2026-05-05T19:02:09Z,,error,context canceled; overview error: context canceled
0x47bc59b171ba572d:0x1ebd26674deaf35,Schäfers Backstuben GmbH,35390,,,,,50.5870919,8.7043761,,,false,,,,,,,https://www.google.com/maps/place/Sch%C3%A4fers+Backstuben+GmbH/data=!4m7!3m6!1s0x47bc59b171ba572d:0x1ebd26674deaf35!8m2!3d50.5870919!4d8.7043761!16s%2Fg%2F11h6nnc950!19sChIJLVe6cbFZvEcRNa_edGbS6wE?authuser=0&hl=de&rclk=1,2026-05-05T19:01:12Z,,error,context canceled; overview error: context canceled
0x47bc588fa24ea59b:0x7631b9334500b4eb,Schäfers Backstuben GmbH,35390,,,,,50.5717317,8.6892949,,,false,,,,,,,https://www.google.com/maps/place/Sch%C3%A4fers+Backstuben+GmbH/data=!4m7!3m6!1s0x47bc588fa24ea59b:0x7631b9334500b4eb!8m2!3d50.5717317!4d8.6892949!16s%2Fg%2F11clzhk2yl!19sChIJm6VOoo9YvEcR67QARTO5MXY?authuser=0&hl=de&rclk=1,2026-05-05T19:02:23Z,,error,context canceled; overview error: context canceled
0x47bc58c2619cdef9:0x98df2ca93007ba5b,Schäfers Backstuben GmbH,35390,,,,,50.5863063,8.6719596,,,false,,,,,,,https://www.google.com/maps/place/Sch%C3%A4fers+Backstuben+GmbH/data=!4m7!3m6!1s0x47bc58c2619cdef9:0x98df2ca93007ba5b!8m2!3d50.5863063!4d8.6719596!16s%2Fg%2F11cs5g2l0t!19sChIJ-d6cYcJYvEcRW7oHMKks35g?authuser=0&hl=de&rclk=1,2026-05-05T18:50:39Z,,error,context canceled; overview error: context canceled
0x47bc5f6656262191:0x27bddf6c0867d4,Schützenverein Gießen,35390,,,,,50.6271855,8.7112776,,,false,,,,,,,https://www.google.com/maps/place/Sch%C3%BCtzenverein+Gie%C3%9Fen/data=!4m7!3m6!1s0x47bc5f6656262191:0x27bddf6c0867d4!8m2!3d50.6271855!4d8.7112776!16s%2Fg%2F1tcyk4j2!19sChIJkSEmVmZfvEcR1GcIbN-9JwA?authuser=0&hl=de&rclk=1,2026-05-05T19:14:39Z,,error,context canceled; overview error: context canceled
0x47bc59b8af843c0d:0x96daf602d6549037,Selterstor Garten Gießen,35390,,,,,50.5824166,8.6700589,,,false,,,,,,,https://www.google.com/maps/place/Selterstor+Garten+Gie%C3%9Fen/data=!4m7!3m6!1s0x47bc59b8af843c0d:0x96daf602d6549037!8m2!3d50.5824166!4d8.6700589!16s%2Fg%2F11ygfw4qhd!19sChIJDTyEr7hZvEcRN5BU1gL22pY?authuser=0&hl=de&rclk=1,2026-05-05T19:08:26Z,,error,context canceled; overview error: context canceled
0x47bc59a01130287d:0xba9cdc5780b77aa3,Shepherds Coffee,35390,,,,,50.5851211,8.6754524,,,false,,,,,,,https://www.google.com/maps/place/Shepherds+Coffee/data=!4m7!3m6!1s0x47bc59a01130287d:0xba9cdc5780b77aa3!8m2!3d50.5851211!4d8.6754524!16s%2Fg%2F11g1lxf2wy!19sChIJfSgwEaBZvEcRo3q3gFfcnLo?authuser=0&hl=de&rclk=1,2026-05-05T18:48:00Z,,error,context canceled; overview error: context canceled
0x47bc59fe0e6ce1b3:0xf4f9cea2fe4d21c6,Shiburi - Moderne Japanische Küche & Sushi,35390,,4.6,241,Restaurant,50.5859333,8.6753117,,,false,,,,,,,https://www.google.com/maps/place/Shiburi+-+Moderne+Japanische+K%C3%BCche+%26+Sushi/data=!4m7!3m6!1s0x47bc59fe0e6ce1b3:0xf4f9cea2fe4d21c6!8m2!3d50.5859333!4d8.6753117!16s%2Fg%2F11ybxz6czm!19sChIJs-FsDv5ZvEcRxiFN_qLO-fQ?authuser=0&hl=de&rclk=1,2026-05-05T18:24:15Z,active,success,
0x47bc58d90d4ebe3b:0x7a23ba6f8b21f6cb,Shisha Lounge Khalifa,35390,,,,,50.5934321,8.6617152,,,false,,,,,,,https://www.google.com/maps/place/Shisha+Lounge+Khalifa/data=!4m7!3m6!1s0x47bc58d90d4ebe3b:0x7a23ba6f8b21f6cb!8m2!3d50.5934321!4d8.6617152!16s%2Fg%2F11c6cy23hz!19sChIJO75ODdlYvEcRy_Yhi2-6I3o?authuser=0&hl=de&rclk=1,2026-05-05T19:11:37Z,,error,context canceled; overview error: context canceled
0x47bc58eac390f04b:0xeb5d1967d08985b3,Siebenkorn gemeinützige Integrationsgesellschaft mbH Café Brotzeit,35390,,,,,50.582953,8.679365,,,false,,,,,,,https://www.google.com/maps/place/Siebenkorn+gemein%C3%BCtzige+Integrationsgesellschaft+mbH+Caf%C3%A9+Brotzeit/data=!4m7!3m6!1s0x47bc58eac390f04b:0xeb5d1967d08985b3!8m2!3d50.582953!4d8.679365!16s%2Fg%2F1tk1m2w2!19sChIJS_CQw-pYvEcRs4WJ0GcZXes?authuser=0&hl=de&rclk=1,2026-05-05T18:48:54Z,,error,context canceled; overview error: context canceled
0x47bc589044601085:0xa1050837801b2e7d,Skate Lounge,35390,,,,,50.5745714,8.6911348,,,false,,,,,,,https://www.google.com/maps/place/Skate+Lounge/data=!4m7!3m6!1s0x47bc589044601085:0xa1050837801b2e7d!8m2!3d50.5745714!4d8.6911348!16s%2Fg%2F11bwm5q2wj!19sChIJhRBgRJBYvEcRfS4bgDcIBaE?authuser=0&hl=de&rclk=1,2026-05-05T19:13:07Z,,error,context canceled; overview error: context canceled
0x47bc58c4c7b57485:0x92d89eb7839c4573,Ski- und Kanu-Club Gießen e.V.,35390,,,,,50.5920502,8.6709638,,,false,,,,,,,https://www.google.com/maps/place/Ski-+und+Kanu-Club+Gie%C3%9Fen+e.V./data=!4m7!3m6!1s0x47bc58c4c7b57485:0x92d89eb7839c4573!8m2!3d50.5920502!4d8.6709638!16s%2Fg%2F1v_w1gzc!19sChIJhXS1x8RYvEcRc0Wcg7ee2JI?authuser=0&hl=de&rclk=1,2026-05-05T19:14:10Z,,error,context canceled; overview error: context canceled
0x47bc59aab86ba7df:0xceb21e0ba30fd027,Smash n Slice - Smashburger & Pizza,35390,,,,,50.5832134,8.6810842,,,false,,,,,,,https://www.google.com/maps/place/Smash+n+Slice+-+Smashburger+%26+Pizza/data=!4m7!3m6!1s0x47bc59aab86ba7df:0xceb21e0ba30fd027!8m2!3d50.5832134!4d8.6810842!16s%2Fg%2F11q9j8knb_!19sChIJ36druKpZvEcRJ9APowsess4?authuser=0&hl=de&rclk=1,2026-05-05T18:52:33Z,,error,context canceled; overview error: context canceled
0x47bc58e8b484c435:0x1c11fe8d12cced92,Sowieso,35390,,,,,50.5805556,8.6680556,,,false,,,,,,,https://www.google.com/maps/place/Sowieso/data=!4m7!3m6!1s0x47bc58e8b484c435:0x1c11fe8d12cced92!8m2!3d50.5805556!4d8.6680556!16s%2Fg%2F1ts3dr5b!19sChIJNcSEtOhYvEcRku3MEo3-ERw?authuser=0&hl=de&rclk=1,2026-05-05T18:49:42Z,,error,context canceled; overview error: context canceled
0x47bc58959b9ad3cf:0xe3908c484d555d09,Spanischer Kulturverein Gießen,35390,,,,,50.5834802,8.6849928,,,false,,,,,,,https://www.google.com/maps/place/Spanischer+Kulturverein+Gie%C3%9Fen/data=!4m7!3m6!1s0x47bc58959b9ad3cf:0xe3908c484d555d09!8m2!3d50.5834802!4d8.6849928!16s%2Fg%2F1w0p4r5j!19sChIJz9Oam5VYvEcRCV1VTUiMkOM?authuser=0&hl=de&rclk=1,2026-05-05T19:14:49Z,,error,context canceled; overview error: context canceled
0x47bc58b8730df5ed:0x31b2cc89f0905e68,Spielvereinigung Blau-Weiß Gießen e.V.,35390,,,,,50.5917943,8.6834405,,,false,,,,,,,https://www.google.com/maps/place/Spielvereinigung+Blau-Wei%C3%9F+Gie%C3%9Fen+e.V./data=!4m7!3m6!1s0x47bc58b8730df5ed:0x31b2cc89f0905e68!8m2!3d50.5917943!4d8.6834405!16s%2Fg%2F11b6dhs8bb!19sChIJ7fUNc7hYvEcRaF6Q8InMsjE?authuser=0&hl=de&rclk=1,2026-05-05T19:14:44Z,,error,context canceled; overview error: context canceled
0x47bc58e5c3ea8803:0xe811eea68322b385,Sportsbar,35390,,,,,50.5797514,8.6642779,,,false,,,,,,,https://www.google.com/maps/place/Sportsbar/data=!4m7!3m6!1s0x47bc58e5c3ea8803:0xe811eea68322b385!8m2!3d50.5797514!4d8.6642779!16s%2Fg%2F11fsmncn28!19sChIJA4jqw-VYvEcRhbMig6buEeg?authuser=0&hl=de&rclk=1,2026-05-05T19:10:12Z,,error,context canceled; overview error: context canceled
0x47bc59a947846227:0x43d1bc8f3bb6f168,Sportsbar Citybar,35390,,,,,50.585509,8.6676566,,,false,,,,,,,https://www.google.com/maps/place/Sportsbar+Citybar/data=!4m7!3m6!1s0x47bc59a947846227:0x43d1bc8f3bb6f168!8m2!3d50.585509!4d8.6676566!16s%2Fg%2F11j3rflknd!19sChIJJ2KER6lZvEcRaPG2O4-80UM?authuser=0&hl=de&rclk=1,2026-05-05T19:05:00Z,,error,context canceled; overview error: context canceled
0x47bc591d20126ee7:0xc2b090716d614af9,Sportsbar Gießen,35390,,,,,50.5865422,8.6709335,,,false,,,,,,,https://www.google.com/maps/place/Sportsbar+Gie%C3%9Fen/data=!4m7!3m6!1s0x47bc591d20126ee7:0xc2b090716d614af9!8m2!3d50.5865422!4d8.6709335!16s%2Fg%2F11fmpwhlfm!19sChIJ524SIB1ZvEcR-UphbXGQsMI?authuser=0&hl=de&rclk=1,2026-05-05T19:09:52Z,,error,context canceled; overview error: context canceled
0x47bc5923b885e803:0xe3a1fe53de99633f,StadtBäckerei Gießen - Am Marktplatz,35390,,,,,50.5859301,8.6742093,,,false,,,,,,,https://www.google.com/maps/place/StadtB%C3%A4ckerei+Gie%C3%9Fen+-+Am+Marktplatz/data=!4m7!3m6!1s0x47bc5923b885e803:0xe3a1fe53de99633f!8m2!3d50.5859301!4d8.6742093!16s%2Fg%2F11tp6_09pd!19sChIJA-iFuCNZvEcRP2OZ3lP-oeM?authuser=0&hl=de&rclk=1,2026-05-05T19:00:01Z,,error,context canceled; overview error: context canceled
0x47bc58c17cdb192d:0x761a0ce2f18e6be4,StadtBäckerei Gießen - Walltorstraße 10,35390,,,,,50.5884103,8.6758902,,,false,,,,,,,https://www.google.com/maps/place/StadtB%C3%A4ckerei+Gie%C3%9Fen+-+Walltorstra%C3%9Fe+10/data=!4m7!3m6!1s0x47bc58c17cdb192d:0x761a0ce2f18e6be4!8m2!3d50.5884103!4d8.6758902!16s%2Fg%2F11gcmtjcrz!19sChIJLRnbfMFYvEcR5GuO8eIMGnY?authuser=0&hl=de&rclk=1,2026-05-05T18:47:46Z,,error,context canceled; overview error: context canceled
0x47bc58ea70bba7af:0xe90c034d879403b9,Stadtcafe Bar Lounge,35390,,,,,50.5846957,8.676981,,,false,,,,,,,https://www.google.com/maps/place/Stadtcafe+Bar+Lounge/data=!4m7!3m6!1s0x47bc58ea70bba7af:0xe90c034d879403b9!8m2!3d50.5846957!4d8.676981!16s%2Fg%2F11b6dq3t13!19sChIJr6e7cOpYvEcRuQOUh00DDOk?authuser=0&hl=de&rclk=1,2026-05-05T18:47:27Z,,error,context canceled; overview error: context canceled
0x47bc5900537db84f:0x6f208b2283033474,Starbucks Gießen,35390,,,,,50.5836649,8.6728746,,,false,,,,,,,https://www.google.com/maps/place/Starbucks+Gie%C3%9Fen/data=!4m7!3m6!1s0x47bc5900537db84f:0x6f208b2283033474!8m2!3d50.5836649!4d8.6728746!16s%2Fg%2F11mdwfsv42!19sChIJT7h9UwBZvEcRdDQDgyKLIG8?authuser=0&hl=de&rclk=1,2026-05-05T19:06:56Z,,error,context canceled; overview error: context canceled
0x47bc58c1d8655555:0x44179cd74d446a2f,Stark Gmbh & Co. Kg,35390,,,,,50.5850531,8.6770786,,,false,,,,,,,https://www.google.com/maps/place/Stark+Gmbh+%26+Co.+Kg/data=!4m7!3m6!1s0x47bc58c1d8655555:0x44179cd74d446a2f!8m2!3d50.5850531!4d8.6770786!16s%2Fg%2F11h5505zby!19sChIJVVVl2MFYvEcRL2pETdecF0Q?authuser=0&hl=de&rclk=1,2026-05-05T18:53:29Z,,error,context canceled; overview error: context canceled
0x47bc599d9d4b09f5:0x57a4f731f14f7e7b,Statementbeef,35390,,,,,50.5784258,8.6654063,,,false,,,,,,,https://www.google.com/maps/place/Statementbeef/data=!4m7!3m6!1s0x47bc599d9d4b09f5:0x57a4f731f14f7e7b!8m2!3d50.5784258!4d8.6654063!16s%2Fg%2F11scvtnkrs!19sChIJ9QlLnZ1ZvEcRe35P8TH3pFc?authuser=0&hl=de&rclk=1,2026-05-05T19:04:25Z,,error,context canceled; overview error: context canceled
0x47bc58a0981a6e35:0x120d67210e9d5903,Straight Pool - Billard Cafe,35390,,,,,50.586304,8.707892,,,false,,,,,,,https://www.google.com/maps/place/Straight+Pool+-+Billard+Cafe/data=!4m7!3m6!1s0x47bc58a0981a6e35:0x120d67210e9d5903!8m2!3d50.586304!4d8.707892!16s%2Fg%2F12mkw9gn6!19sChIJNW4amKBYvEcRA1mdDiFnDRI?authuser=0&hl=de&rclk=1,2026-05-05T19:13:26Z,,error,context canceled; overview error: context canceled
0x47bc58b844763ed7:0xc25fc35f2f7c7a44,Strandbar Gießen,35390,,,,,50.5929662,8.6860766,,,false,,,,,,,https://www.google.com/maps/place/Strandbar+Gie%C3%9Fen/data=!4m7!3m6!1s0x47bc58b844763ed7:0xc25fc35f2f7c7a44!8m2!3d50.5929662!4d8.6860766!16s%2Fg%2F11b809jrp8!19sChIJ1z52RLhYvEcRRHp8L1_DX8I?authuser=0&hl=de&rclk=1,2026-05-05T19:05:15Z,,error,context canceled; overview error: context canceled
0x47bc59461d579149:0x3e5d0ad7ea329fc1,Su's Café,35390,,,,,50.5838274,8.6711097,,,false,,,,,,,https://www.google.com/maps/place/Su%27s+Caf%C3%A9/data=!4m7!3m6!1s0x47bc59461d579149:0x3e5d0ad7ea329fc1!8m2!3d50.5838274!4d8.6711097!16s%2Fg%2F11h4wkrprf!19sChIJSZFXHUZZvEcRwZ8y6tcKXT4?authuser=0&hl=de&rclk=1,2026-05-05T18:52:29Z,,error,context canceled; overview error: context canceled
0x47bc59a9383ab4f5:0x7ad8c88bf44a1325,Suleyman am Bahnhof,35390,,,,,50.5798675,8.6643966,,,false,,,,,,,https://www.google.com/maps/place/Suleyman+am+Bahnhof/data=!4m7!3m6!1s0x47bc59a9383ab4f5:0x7ad8c88bf44a1325!8m2!3d50.5798675!4d8.6643966!16s%2Fg%2F11fjyxmlzs!19sChIJ9bQ6OKlZvEcRJRNK9IvI2Ho?authuser=0&hl=de&rclk=1,2026-05-05T18:55:59Z,,error,context canceled; overview error: context canceled
0x47bc592a24250869:0x87a8f846ac14d374,Sweet Vibez,35390,,,,,50.5860631,8.6762463,,,false,,,,,,,https://www.google.com/maps/place/Sweet+Vibez/data=!4m7!3m6!1s0x47bc592a24250869:0x87a8f846ac14d374!8m2!3d50.5860631!4d8.6762463!16s%2Fg%2F11q2xc__hw!19sChIJaQglJCpZvEcRdNMUrEb4qIc?authuser=0&hl=de&rclk=1,2026-05-05T19:10:57Z,,error,context canceled; overview error: context canceled
0x47bc58e61d317fe1:0x32497e1033805b19,Südwinde,35390,,,,,50.5812009,8.6665754,,,false,,,,,,,https://www.google.com/maps/place/S%C3%BCdwinde/data=!4m7!3m6!1s0x47bc58e61d317fe1:0x32497e1033805b19!8m2!3d50.5812009!4d8.6665754!16s%2Fg%2F1q67qd05d!19sChIJ4X8xHeZYvEcRGVuAMxB-STI?authuser=0&hl=de&rclk=1,2026-05-05T19:09:49Z,,error,context canceled; overview error: context canceled
0x47bc58c64a7b0023:0xc14dd36caae50dca,Süleyman Ustanin Yeri,35390,,,,,50.5938303,8.6804974,,,false,,,,,,,https://www.google.com/maps/place/S%C3%BCleyman+Ustanin+Yeri/data=!4m7!3m6!1s0x47bc58c64a7b0023:0xc14dd36caae50dca!8m2!3d50.5938303!4d8.6804974!16s%2Fg%2F11b5yqtdhl!19sChIJIwB7SsZYvEcRyg3lqmzTTcE?authuser=0&hl=de&rclk=1,2026-05-05T18:58:50Z,,error,context canceled; overview error: context canceled
0x47bc59004d0cbb77:0x611d5472de15bd52,TRINITY Club,35390,,,,,50.5719257,8.6922462,,,false,,,,,,,https://www.google.com/maps/place/TRINITY+Club/data=!4m7!3m6!1s0x47bc59004d0cbb77:0x611d5472de15bd52!8m2!3d50.5719257!4d8.6922462!16s%2Fg%2F11vrqmnpxl!19sChIJd7sMTQBZvEcRUr0V3nJUHWE?authuser=0&hl=de&rclk=1,2026-05-05T19:13:50Z,,error,context canceled; overview error: context canceled
0x47bc58ee9f3d5261:0xb968136b9cdcfced,TROPICANA,35390,,,,,50.5786066,8.672307,,,false,,,,,,,https://www.google.com/maps/place/TROPICANA/data=!4m7!3m6!1s0x47bc58ee9f3d5261:0xb968136b9cdcfced!8m2!3d50.5786066!4d8.672307!16s%2Fg%2F1tc_7sgb!19sChIJYVI9n-5YvEcR7fzcnGsTaLk?authuser=0&hl=de&rclk=1,2026-05-05T19:08:49Z,,error,context canceled; overview error: context canceled
0x47bc58c69be81585:0x19e8a0635d2199a8,TSG Blau-Gold Gießen e.V.,35390,,,,,50.5867667,8.6563961,,,false,,,,,,,https://www.google.com/maps/place/TSG+Blau-Gold+Gie%C3%9Fen+e.V./data=!4m7!3m6!1s0x47bc58c69be81585:0x19e8a0635d2199a8!8m2!3d50.5867667!4d8.6563961!16s%2Fg%2F11b76twcj7!19sChIJhRXom8ZYvEcRqJkhXWOg6Bk?authuser=0&hl=de&rclk=1,2026-05-05T19:14:23Z,,error,context canceled; overview error: context canceled
0x47bc58c6efb68d59:0x3f91b2968a00af8f,TURGUT MARKT,35390,,,,,50.5919407,8.6790762,,,false,,,,,,,https://www.google.com/maps/place/TURGUT+MARKT/data=!4m7!3m6!1s0x47bc58c6efb68d59:0x3f91b2968a00af8f!8m2!3d50.5919407!4d8.6790762!16s%2Fg%2F1tl_kv0h!19sChIJWY2278ZYvEcRj68AipaykT8?authuser=0&hl=de&rclk=1,2026-05-05T19:03:29Z,,error,context canceled; overview error: context canceled
0x47bc59a9631b8bf1:0xa03f0bdf6112fe78,Taekwondo - TSG Blau-Gold Gießen e.V.,35390,,,,,50.5921229,8.6775539,,,false,,,,,,,https://www.google.com/maps/place/Taekwondo+-+TSG+Blau-Gold+Gie%C3%9Fen+e.V./data=!4m7!3m6!1s0x47bc59a9631b8bf1:0xa03f0bdf6112fe78!8m2!3d50.5921229!4d8.6775539!16s%2Fg%2F11zk8b4yzf!19sChIJ8YsbY6lZvEcReP4SYd8LP6A?authuser=0&hl=de&rclk=1,2026-05-05T19:15:33Z,,error,context canceled; overview error: context canceled
0x47bc5897cf919ee9:0xad6c7bf82ac4de88,Tandreas Hotel & Restaurant,35390,,,,,50.5831833,8.6918211,,,false,,,,,,,https://www.google.com/maps/place/Tandreas+Hotel+%26+Restaurant/data=!4m10!3m9!1s0x47bc5897cf919ee9:0xad6c7bf82ac4de88!5m2!4m1!1i2!8m2!3d50.5831833!4d8.6918211!16s%2Fg%2F1th5hkns!19sChIJ6Z6Rz5dYvEcRiN7EKvh7bK0?authuser=0&hl=de&rclk=1,2026-05-05T19:06:59Z,,error,context canceled; overview error: context canceled
0x47bc5968024304a3:0xfaa70333aeb2e76f,Taumi Gießen - Sushi & Grill,35390,,4.6,440,Restaurant,50.5871263,8.6700318,,,false,,,,,,,https://www.google.com/maps/place/Taumi+Gie%C3%9Fen+-+Sushi+%26+Grill/data=!4m7!3m6!1s0x47bc5968024304a3:0xfaa70333aeb2e76f!8m2!3d50.5871263!4d8.6700318!16s%2Fg%2F11y1ns2t5d!19sChIJowRDAmhZvEcRb-eyrjMDp_o?authuser=0&hl=de&rclk=1,2026-05-05T18:45:09Z,active,success,
0x47bc59e6aa96d6ef:0x6d62eabe164412e2,Tayfuns Cocktail Manufaktur,35390,,,,,50.5836923,8.6741435,,,false,,,,,,,https://www.google.com/maps/place/Tayfuns+Cocktail+Manufaktur/data=!4m7!3m6!1s0x47bc59e6aa96d6ef:0x6d62eabe164412e2!8m2!3d50.5836923!4d8.6741435!16s%2Fg%2F11rgb_lg03!19sChIJ79aWquZZvEcR4hJEFr7qYm0?authuser=0&hl=de&rclk=1,2026-05-05T19:08:31Z,,error,context canceled; overview error: context canceled
0x47bc58e9ed05a639:0x37775d7e1ec32b63,Tchibo Filiale,35390,,,,,50.5840228,8.6729588,,,false,,,,,,,https://www.google.com/maps/place/Tchibo+Filiale/data=!4m7!3m6!1s0x47bc58e9ed05a639:0x37775d7e1ec32b63!8m2!3d50.5840228!4d8.6729588!16s%2Fg%2F1tdqyvb6!19sChIJOaYF7elYvEcRYyvDHn5ddzc?authuser=0&hl=de&rclk=1,2026-05-05T18:53:19Z,,error,context canceled; overview error: context canceled
0x47bc5907e3756c13:0xf2418eeb19d180a3,The Hub,35390,,,,,50.5896824,8.6715087,,,false,,,,,,,https://www.google.com/maps/place/The+Hub/data=!4m7!3m6!1s0x47bc5907e3756c13:0xf2418eeb19d180a3!8m2!3d50.5896824!4d8.6715087!16s%2Fg%2F11v1br7pn6!19sChIJE2x14wdZvEcRo4DRGeuOQfI?authuser=0&hl=de&rclk=1,2026-05-05T18:57:56Z,,error,context canceled; overview error: context canceled
0x47bc593845f9784b:0x8bdb29d6f3ca9b81,The Move Club,35390,,,,,50.5814191,8.6750498,,,false,,,,,,,https://www.google.com/maps/place/The+Move+Club/data=!4m7!3m6!1s0x47bc593845f9784b:0x8bdb29d6f3ca9b81!8m2!3d50.5814191!4d8.6750498!16s%2Fg%2F11yd72nxsm!19sChIJS3j5RThZvEcRgZvK89Yp24s?authuser=0&hl=de&rclk=1,2026-05-05T19:15:29Z,,error,context canceled; overview error: context canceled
0x47bc58c64db188cf:0xcc09a741d295fa6,Tipbet,35390,,,,,50.5931781,8.6805822,,,false,,,,,,,https://www.google.com/maps/place/Tipbet/data=!4m7!3m6!1s0x47bc58c64db188cf:0xcc09a741d295fa6!8m2!3d50.5931781!4d8.6805822!16s%2Fg%2F11pd2_y3qh!19sChIJz4ixTcZYvEcRpl8pHXSawAw?authuser=0&hl=de&rclk=1,2026-05-05T19:12:07Z,,error,context canceled; overview error: context canceled
0x47bc59154ca8ae27:0x85d1bb5f271f34f1,Tiptorro Gießen,35390,,,,,50.5930649,8.6805407,,,false,,,,,,,https://www.google.com/maps/place/Tiptorro+Gie%C3%9Fen/data=!4m7!3m6!1s0x47bc59154ca8ae27:0x85d1bb5f271f34f1!8m2!3d50.5930649!4d8.6805407!16s%2Fg%2F11z17ztf54!19sChIJJ66oTBVZvEcR8TQfJ1-70YU?authuser=0&hl=de&rclk=1,2026-05-05T19:09:16Z,,error,context canceled; overview error: context canceled
0x47bc58c2929f280d:0x70b10ade37335ffa,Tipwin,35390,,,,,50.5865959,8.6709008,,,false,,,,,,,https://www.google.com/maps/place/Tipwin/data=!4m7!3m6!1s0x47bc58c2929f280d:0x70b10ade37335ffa!8m2!3d50.5865959!4d8.6709008!16s%2Fg%2F11j43dp2y7!19sChIJDSifksJYvEcR-l8zN94KsXA?authuser=0&hl=de&rclk=1,2026-05-05T19:09:36Z,,error,context canceled; overview error: context canceled
0x47bc58ec0994e04f:0xc9f11dc54af054cc,Tom & Sally's Gießen Bleichstraße,35390,,,,,50.5798362,8.6741585,,,false,,,,,,,https://www.google.com/maps/place/Tom+%26+Sally%27s+Gie%C3%9Fen+Bleichstra%C3%9Fe/data=!4m7!3m6!1s0x47bc58ec0994e04f:0xc9f11dc54af054cc!8m2!3d50.5798362!4d8.6741585!16s%2Fg%2F1tkjk9j8!19sChIJT-CUCexYvEcRzFTwSsUd8ck?authuser=0&hl=de&rclk=1,2026-05-05T18:59:51Z,,error,context canceled; overview error: context canceled
0x47bc591ee1242df5:0x1524d948cc80ec44,Tora - Sushi Bar & Asia Cuisine,35390,,,,,50.5789819,8.6667985,,,false,,,,,,,https://www.google.com/maps/place/Tora+-+Sushi+Bar+%26+Asia+Cuisine/data=!4m7!3m6!1s0x47bc591ee1242df5:0x1524d948cc80ec44!8m2!3d50.5789819!4d8.6667985!16s%2Fg%2F11krcmpf7j!19sChIJ9S0k4R5ZvEcRROyAzEjZJBU?authuser=0&hl=de&rclk=1,2026-05-05T18:55:17Z,,error,context canceled; overview error: context canceled
0x47bc596b4578a115:0x379de98291634efb,Trip Inn Cityhotel Gießen,35390,,,,,50.5844539,8.6682711,,,false,,,,,,,https://www.google.com/maps/place/Trip+Inn+Cityhotel+Gie%C3%9Fen/data=!4m10!3m9!1s0x47bc596b4578a115:0x379de98291634efb!5m2!4m1!1i2!8m2!3d50.5844539!4d8.6682711!16s%2Fg%2F11t2nh411k!19sChIJFaF4RWtZvEcR-05jkYLpnTc?authuser=0&hl=de&rclk=1,2026-05-05T19:07:19Z,,error,context canceled; overview error: context canceled
0x47bc5885000dc4b5:0xf5914b5c2a31e46f,Tuesday Night Skating - TNS-Gießen,35390,,,,,50.5713786,8.6945225,,,false,,,,,,,https://www.google.com/maps/place/Tuesday+Night+Skating+-+TNS-Gie%C3%9Fen/data=!4m7!3m6!1s0x47bc5885000dc4b5:0xf5914b5c2a31e46f!8m2!3d50.5713786!4d8.6945225!16s%2Fg%2F11gf05zsqh!19sChIJtcQNAIVYvEcRb-QxKlxLkfU?authuser=0&hl=de&rclk=1,2026-05-05T19:14:14Z,,error,context canceled; overview error: context canceled
0x47bc58c16682b7a3:0xd41acd2b4eb0ae7c,Turhan Kebap Haus,35390,,,,,50.5885452,8.6762038,,,false,,,,,,,https://www.google.com/maps/place/Turhan+Kebap+Haus/data=!4m7!3m6!1s0x47bc58c16682b7a3:0xd41acd2b4eb0ae7c!8m2!3d50.5885452!4d8.6762038!16s%2Fg%2F1vn_y1tg!19sChIJo7eCZsFYvEcRfK6wTivNGtQ?authuser=0&hl=de&rclk=1,2026-05-05T18:52:03Z,,error,context canceled; overview error: context canceled
0x47bc58c2253cb517:0x7200db1e82529f52,Türmchen,35390,,4.3,2623,Café / Konditorei,50.5869207,8.6746271,,,false,,,,,,,https://www.google.com/maps/place/T%C3%BCrmchen/data=!4m7!3m6!1s0x47bc58c2253cb517:0x7200db1e82529f52!8m2!3d50.5869207!4d8.6746271!16s%2Fg%2F1tdhkyl3!19sChIJF7U8JcJYvEcRUp9Sgh7bAHI?authuser=0&hl=de&rclk=1,2026-05-05T18:47:10Z,active,success,
0x47bc58e998ba119d:0xfeeb995795bfca32,Ulenspiegel,35390,,,,,50.5830495,8.6729057,,,false,,,,,,,https://www.google.com/maps/place/Ulenspiegel/data=!4m7!3m6!1s0x47bc58e998ba119d:0xfeeb995795bfca32!8m2!3d50.5830495!4d8.6729057!16s%2Fg%2F1tkb46pt!19sChIJnRG6mOlYvEcRMsq_lVeZ6_4?authuser=0&hl=de&rclk=1,2026-05-05T18:50:57Z,,error,context canceled; overview error: context canceled
0x47bc59628b638043:0x78613a49e26aeca9,Umut Döner,35390,,,,,50.58903,8.66425,,,false,,,,,,,https://www.google.com/maps/place/Umut+D%C3%B6ner/data=!4m7!3m6!1s0x47bc59628b638043:0x78613a49e26aeca9!8m2!3d50.58903!4d8.66425!16s%2Fg%2F11tnkz7br3!19sChIJQ4Bji2JZvEcRqexq4kk6YXg?authuser=0&hl=de&rclk=1,2026-05-05T19:04:09Z,,error,context canceled; overview error: context canceled
0x47bc595f5566b5d9:0x362dd1f993c63a41,Uni Döner Eck,35390,,,,,50.5819152,8.6962273,,,false,,,,,,,https://www.google.com/maps/place/Uni+D%C3%B6ner+Eck/data=!4m7!3m6!1s0x47bc595f5566b5d9:0x362dd1f993c63a41!8m2!3d50.5819152!4d8.6962273!16s%2Fg%2F11vjjjkz43!19sChIJ2bVmVV9ZvEcRQTrGk_nRLTY?authuser=0&hl=de&rclk=1,2026-05-05T18:54:33Z,,error,context canceled; overview error: context canceled
0x47bc58e9c2d379e1:0x42d2919acd5519db,VIP Lounge Haar & mehr,35390,,,,,50.5845646,8.6728393,,,false,,,,,,,https://www.google.com/maps/place/VIP+Lounge+Haar+%26+mehr/data=!4m7!3m6!1s0x47bc58e9c2d379e1:0x42d2919acd5519db!8m2!3d50.5845646!4d8.6728393!16s%2Fg%2F1ptxgfb_z!19sChIJ4XnTwulYvEcR2xlVzZqR0kI?authuser=0&hl=de&rclk=1,2026-05-05T19:12:45Z,,error,context canceled; overview error: context canceled
0x47bc58924de3ffff:0x863f6e01ce8e6abe,Veganatural,35390,,,,,50.5763469,8.6829378,,,false,,,,,,,https://www.google.com/maps/place/Veganatural/data=!4m7!3m6!1s0x47bc58924de3ffff:0x863f6e01ce8e6abe!8m2!3d50.5763469!4d8.6829378!16s%2Fg%2F11b6b0xl6t!19sChIJ___jTZJYvEcRvmqOzgFuP4Y?authuser=0&hl=de&rclk=1,2026-05-05T19:05:09Z,,error,context canceled; overview error: context canceled
0x47bc58cd9eb7466d:0x7f71fad6878ac5f4,Vespa-Club Giessen e.V.,35390,,,,,50.6030668,8.674868,,,false,,,,,,,https://www.google.com/maps/place/Vespa-Club+Giessen+e.V./data=!4m7!3m6!1s0x47bc58cd9eb7466d:0x7f71fad6878ac5f4!8m2!3d50.6030668!4d8.674868!16s%2Fg%2F11h64__t6x!19sChIJbUa3ns1YvEcR9MWKh9b6cX8?authuser=0&hl=de&rclk=1,2026-05-05T19:14:28Z,,error,context canceled; overview error: context canceled
0x47bc59b3ff7592d5:0x9f1d9e4a2bd9fdbe,Việt Nam Kitchen Gießen,35390,,,,,50.5810737,8.7065585,,,false,,,,,,,https://www.google.com/maps/place/Vi%E1%BB%87t+Nam+Kitchen+Gie%C3%9Fen/data=!4m7!3m6!1s0x47bc59b3ff7592d5:0x9f1d9e4a2bd9fdbe!8m2!3d50.5810737!4d8.7065585!16s%2Fg%2F11p75pn77q!19sChIJ1ZJ1_7NZvEcRvv3ZK0qeHZ8?authuser=0&hl=de&rclk=1,2026-05-05T18:56:36Z,,error,context canceled; overview error: context canceled
0x47bc58e5795e7f0b:0xe8f2340b6ab6b257,Vollkornbäckerei Siebenkorn GmbH,35390,,,,,50.57768,8.66512,,,false,,,,,,,https://www.google.com/maps/place/Vollkornb%C3%A4ckerei+Siebenkorn+GmbH/data=!4m7!3m6!1s0x47bc58e5795e7f0b:0xe8f2340b6ab6b257!8m2!3d50.57768!4d8.66512!16s%2Fg%2F1tgpm3yk!19sChIJC39eeeVYvEcRV7K2ags08ug?authuser=0&hl=de&rclk=1,2026-05-05T19:00:41Z,,error,context canceled; overview error: context canceled
0x47bc5908b8067417:0x2eca630ecec43c91,Vortagslädchen,35390,,,,,50.58082,8.66824,,,false,,,,,,,https://www.google.com/maps/place/Vortagsl%C3%A4dchen/data=!4m7!3m6!1s0x47bc5908b8067417:0x2eca630ecec43c91!8m2!3d50.58082!4d8.66824!16s%2Fg%2F11r_mqc7zf!19sChIJF3QGuAhZvEcRkTzEzg5jyi4?authuser=0&hl=de&rclk=1,2026-05-05T19:00:18Z,,error,context canceled; overview error: context canceled
0x47bc58c37d444751:0xf0eeed5770d7890a,Weinstube Gießen,35390,,,,,50.5904495,8.6721926,,,false,,,,,,,https://www.google.com/maps/place/Weinstube+Gie%C3%9Fen/data=!4m7!3m6!1s0x47bc58c37d444751:0xf0eeed5770d7890a!8m2!3d50.5904495!4d8.6721926!16s%2Fg%2F11b6dfyn_g!19sChIJUUdEfcNYvEcRConXcFft7vA?authuser=0&hl=de&rclk=1,2026-05-05T19:09:11Z,,error,context canceled; overview error: context canceled
0x47bc5969a2762b4d:0xee0f225d0f01b9c,West City Diner,35390,,,,,50.5945997,8.6609397,,,false,,,,,,,https://www.google.com/maps/place/West+City+Diner/data=!4m7!3m6!1s0x47bc5969a2762b4d:0xee0f225d0f01b9c!8m2!3d50.5945997!4d8.6609397!16s%2Fg%2F11lfptvtj_!19sChIJTSt2omlZvEcRnBvw0CXy4A4?authuser=0&hl=de&rclk=1,2026-05-05T18:57:39Z,,error,context canceled; overview error: context canceled
0x47bc5985bf00f50b:0xb7740907d874d768,West Citylounge,35390,,,,,50.5885622,8.6618371,,,false,,,,,,,https://www.google.com/maps/place/West+Citylounge/data=!4m7!3m6!1s0x47bc5985bf00f50b:0xb7740907d874d768!8m2!3d50.5885622!4d8.6618371!16s%2Fg%2F11jznpmq17!19sChIJC_UAv4VZvEcRaNd02AcJdLc?authuser=0&hl=de&rclk=1,2026-05-05T19:11:16Z,,error,context canceled; overview error: context canceled
0x47bc58d90dd076cb:0xb794359ff31689b4,West Sportsbar,35390,,,,,50.5933689,8.661729,,,false,,,,,,,https://www.google.com/maps/place/West+Sportsbar/data=!4m7!3m6!1s0x47bc58d90dd076cb:0xb794359ff31689b4!8m2!3d50.5933689!4d8.661729!16s%2Fg%2F11cmxvhbly!19sChIJy3bQDdlYvEcRtIkW8581lLc?authuser=0&hl=de&rclk=1,2026-05-05T19:09:57Z,,error,context canceled; overview error: context canceled
0x47bc58e613ed233f:0x57f3da76d84057cf,White Elephant,35390,,,,,50.582164,8.6663533,,,false,,,,,,,https://www.google.com/maps/place/White+Elephant/data=!4m7!3m6!1s0x47bc58e613ed233f:0x57f3da76d84057cf!8m2!3d50.582164!4d8.6663533!16s%2Fg%2F1pv3g0thg!19sChIJPyPtE-ZYvEcRz1dA2Hba81c?authuser=0&hl=de&rclk=1,2026-05-05T19:09:27Z,,error,context canceled; overview error: context canceled
0x47bc58acd0315555:0xa4c8e805f41b88c6,Wiesecker Sportlounge,35390,,,,,50.6032274,8.7046106,,,false,,,,,,,https://www.google.com/maps/place/Wiesecker+Sportlounge/data=!4m7!3m6!1s0x47bc58acd0315555:0xa4c8e805f41b88c6!8m2!3d50.6032274!4d8.7046106!16s%2Fg%2F11h54_6_w8!19sChIJVVUx0KxYvEcRxogb9AXoyKQ?authuser=0&hl=de&rclk=1,2026-05-05T19:12:55Z,,error,context canceled; overview error: context canceled
0x47bc58e8a824f331:0x2366310a1e085c49,Wildwasser Gießen e.V,35390,,,,,50.58103,8.66692,,,false,,,,,,,https://www.google.com/maps/place/Wildwasser+Gie%C3%9Fen+e.V/data=!4m7!3m6!1s0x47bc58e8a824f331:0x2366310a1e085c49!8m2!3d50.58103!4d8.66692!16s%2Fg%2F1tfl8s5b!19sChIJMfMkqOhYvEcRSVwIHgoxZiM?authuser=0&hl=de&rclk=1,2026-05-05T19:15:08Z,,error,context canceled; overview error: context canceled
0x47bc58ec209d2eed:0xfdf19fb134b50a6a,Wirtshaus Apfelbaum,35390,,,,,50.5784081,8.6726193,,,false,,,,,,,https://www.google.com/maps/place/Wirtshaus+Apfelbaum/data=!4m7!3m6!1s0x47bc58ec209d2eed:0xfdf19fb134b50a6a!8m2!3d50.5784081!4d8.6726193!16s%2Fg%2F1td0xl2h!19sChIJ7S6dIOxYvEcRagq1NLGf8f0?authuser=0&hl=de&rclk=1,2026-05-05T19:05:28Z,,error,context canceled; overview error: context canceled
0x47bc58e627219cff:0x237c7cdc3f49aede,Wok-Art,35390,,,,,50.582226,8.666905,,,false,,,,,,,https://www.google.com/maps/place/Wok-Art/data=!4m7!3m6!1s0x47bc58e627219cff:0x237c7cdc3f49aede!8m2!3d50.582226!4d8.666905!16s%2Fg%2F11bw61q25w!19sChIJ_5whJ-ZYvEcR3q5JP9x8fCM?authuser=0&hl=de&rclk=1,2026-05-05T18:52:21Z,,error,context canceled; overview error: context canceled
0x47bc58c071f32c23:0xdb02d478176bd7d0,Woscht Anna,35390,,,,,50.5871989,8.703788,,,false,,,,,,,https://www.google.com/maps/place/Woscht+Anna/data=!4m7!3m6!1s0x47bc58c071f32c23:0xdb02d478176bd7d0!8m2!3d50.5871989!4d8.703788!16s%2Fg%2F11f54jl8ss!19sChIJIyzzccBYvEcR0NdrF3jUAts?authuser=0&hl=de&rclk=1,2026-05-05T18:54:22Z,,error,context canceled; overview error: context canceled
0x47bc5937bad5901f:0x14536d0f6a2bc8d,Woscht Anna Schiffenberger Tal,35390,,,,,50.5731471,8.6870383,,,false,,,,,,,https://www.google.com/maps/place/Woscht+Anna+Schiffenberger+Tal/data=!4m7!3m6!1s0x47bc5937bad5901f:0x14536d0f6a2bc8d!8m2!3d50.5731471!4d8.6870383!16s%2Fg%2F11rmngqd4z!19sChIJH5DVujdZvEcRjbyi9tA2RQE?authuser=0&hl=de&rclk=1,2026-05-05T18:54:15Z,,error,context canceled; overview error: context canceled
0x47bc58e9baf5c845:0xae8edd58174d2e1a,Wraps and More,35390,,,,,50.5835151,8.6717718,,,false,,,,,,,https://www.google.com/maps/place/Wraps+and+More/data=!4m7!3m6!1s0x47bc58e9baf5c845:0xae8edd58174d2e1a!8m2!3d50.5835151!4d8.6717718!16s%2Fg%2F11dxf3wvg2!19sChIJRcj1uulYvEcRGi5NF1jdjq4?authuser=0&hl=de&rclk=1,2026-05-05T18:50:24Z,,error,context canceled; overview error: context canceled
0x47bc59ca5ccc5b27:0xd2e98f2b11c2b8af,Yagi Sushi & Poké Bowls,35390,,,,,50.5852829,8.6719599,,,false,,,,,,,https://www.google.com/maps/place/Yagi+Sushi+%26+Pok%C3%A9+Bowls/data=!4m7!3m6!1s0x47bc59ca5ccc5b27:0xd2e98f2b11c2b8af!8m2!3d50.5852829!4d8.6719599!16s%2Fg%2F11t59n_vv3!19sChIJJ1vMXMpZvEcRr7jCESuP6dI?authuser=0&hl=de&rclk=1,2026-05-05T19:05:51Z,,error,context canceled; overview error: context canceled
0x47bc591183b1598f:0x7570ec268f030a22,Yakuko Ramen,35390,,,,,50.5857932,8.6765825,,,false,,,,,,,https://www.google.com/maps/place/Yakuko+Ramen/data=!4m7!3m6!1s0x47bc591183b1598f:0x7570ec268f030a22!8m2!3d50.5857932!4d8.6765825!16s%2Fg%2F11wx0z45m2!19sChIJj1mxgxFZvEcRIgoDjybscHU?authuser=0&hl=de&rclk=1,2026-05-05T19:06:09Z,,error,context canceled; overview error: context canceled
0x47bc58c164ec9f33:0x4e35d50fcfd3feb7,Yalçinkaya Bäckerei - Türkische Backwaren,35390,,,,,50.5884156,8.6761717,,,false,,,,,,,https://www.google.com/maps/place/Yal%C3%A7inkaya+B%C3%A4ckerei+-+T%C3%BCrkische+Backwaren/data=!4m7!3m6!1s0x47bc58c164ec9f33:0x4e35d50fcfd3feb7!8m2!3d50.5884156!4d8.6761717!16s%2Fg%2F11f3x8_rfs!19sChIJM5_sZMFYvEcRt_7Tzw_VNU4?authuser=0&hl=de&rclk=1,2026-05-05T19:00:07Z,,error,context canceled; overview error: context canceled
0x47bc59006e23a15f:0xadd67601e04bda80,Zen Bites,35390,,,,,50.5828941,8.6677393,,,false,,,,,,,https://www.google.com/maps/place/Zen+Bites/data=!4m7!3m6!1s0x47bc59006e23a15f:0xadd67601e04bda80!8m2!3d50.5828941!4d8.6677393!16s%2Fg%2F11z20071nw!19sChIJX6EjbgBZvEcRgNpL4AF21q0?authuser=0&hl=de&rclk=1,2026-05-05T19:05:59Z,,error,context canceled; overview error: context canceled
0x47bc58ec3b8b3abb:0x5ac2218fc23daa3f,Zum Bahndamm / Schnitzel-Oma,35390,,,,,50.5783013,8.6736861,,,false,,,,,,,https://www.google.com/maps/place/Zum+Bahndamm+%2F+Schnitzel-Oma/data=!4m7!3m6!1s0x47bc58ec3b8b3abb:0x5ac2218fc23daa3f!8m2!3d50.5783013!4d8.6736861!16s%2Fg%2F1tdh7kf_!19sChIJuzqLO-xYvEcRP6o9wo8hwlo?authuser=0&hl=de&rclk=1,2026-05-05T19:06:25Z,,error,context canceled; overview error: context canceled
0x47bc59a93ff0424f:0x59f63f2b3de88ed7,Zum Borris,35390,,,,,50.5898238,8.6785744,,,false,,,,,,,https://www.google.com/maps/place/Zum+Borris/data=!4m7!3m6!1s0x47bc59a93ff0424f:0x59f63f2b3de88ed7!8m2!3d50.5898238!4d8.6785744!16s%2Fg%2F11jsbsvbbn!19sChIJT0LwP6lZvEcR147oPSs_9lk?authuser=0&hl=de&rclk=1,2026-05-05T19:08:18Z,,error,context canceled; overview error: context canceled
0x47bc58ec7c530825:0x1ad512264ac6f91b,Zum Grünen Kranz,35390,,,,,50.57932,8.676,,,false,,,,,,,https://www.google.com/maps/place/Zum+Gr%C3%BCnen+Kranz/data=!4m7!3m6!1s0x47bc58ec7c530825:0x1ad512264ac6f91b!8m2!3d50.57932!4d8.676!16s%2Fg%2F1tg7r3nc!19sChIJJQhTfOxYvEcRG_nGSiYS1Ro?authuser=0&hl=de&rclk=1,2026-05-05T19:09:06Z,,error,context canceled; overview error: context canceled
0x47bc5945e471f877:0xeb0d0c80db4d790c,Zum Katharinenplatz,35390,,,,,50.584386,8.6718364,,,false,,,,,,,https://www.google.com/maps/place/Zum+Katharinenplatz/data=!4m7!3m6!1s0x47bc5945e471f877:0xeb0d0c80db4d790c!8m2!3d50.584386!4d8.6718364!16s%2Fg%2F11h585h8b9!19sChIJd_hx5EVZvEcRDHlN24AMDes?authuser=0&hl=de&rclk=1,2026-05-05T19:04:54Z,,error,context canceled; overview error: context canceled
0x47bc58ea0812dda1:0x3f9f80e23736ba91,Zum Löwen,35390,,4.3,1152,Restaurant,50.5849765,8.6754233,,,false,,,,,,,https://www.google.com/maps/place/Zum+L%C3%B6wen/data=!4m7!3m6!1s0x47bc58ea0812dda1:0x3f9f80e23736ba91!8m2!3d50.5849765!4d8.6754233!16s%2Fg%2F1tknjkns!19sChIJod0SCOpYvEcRkbo2N-KAnz8?authuser=0&hl=de&rclk=1,2026-05-05T18:45:31Z,active,success,
0x47bc58c657fb38f9:0x1008d6528033e15,Zur Stadt Marburg,35390,,,,,50.5926779,8.6795564,,,false,,,,,,,https://www.google.com/maps/place/Zur+Stadt+Marburg/data=!4m7!3m6!1s0x47bc58c657fb38f9:0x1008d6528033e15!8m2!3d50.5926779!4d8.6795564!16s%2Fg%2F1tmxq3f8!19sChIJ-Tj7V8ZYvEcRFT4DKGWNAAE?authuser=0&hl=de&rclk=1,2026-05-05T19:09:21Z,,error,context canceled; overview error: context canceled
0x47bc58bdf15e3429:0xdae2af18e222c040,Zur guten Quelle,35390,,,,,50.5844009,8.6892558,,,false,,,,,,,https://www.google.com/maps/place/Zur+guten+Quelle/data=!4m7!3m6!1s0x47bc58bdf15e3429:0xdae2af18e222c040!8m2!3d50.5844009!4d8.6892558!16s%2Fg%2F1tknzxcf!19sChIJKTRe8b1YvEcRQMAi4hiv4to?authuser=0&hl=de&rclk=1,2026-05-05T18:58:46Z,,error,context canceled; overview error: context canceled
0x47bc58ec21995351:0xfc333c309a57a177,Zwibbel,35390,,,,,50.5785784,8.6729349,,,false,,,,,,,https://www.google.com/maps/place/Zwibbel/data=!4m7!3m6!1s0x47bc58ec21995351:0xfc333c309a57a177!8m2!3d50.5785784!4d8.6729349!16s%2Fg%2F11cn8xl2p7!19sChIJUVOZIexYvEcRd6FXmjA8M_w?authuser=0&hl=de&rclk=1,2026-05-05T19:11:08Z,,error,context canceled; overview error: context canceled
0x47bc59004221fa43:0xa34bbea71c691bdb,at Eleven.,35390,,4.8,170,Burger,50.5858469,8.6742091,,,true,6,10,8,4.49,4.629,Sechs bis zehn Bewertungen aufgrund von Beschwerden wegen Diffamierung entfernt.,https://www.google.com/maps/place/at+Eleven./data=!4m7!3m6!1s0x47bc59004221fa43:0xa34bbea71c691bdb!8m2!3d50.5858469!4d8.6742091!16s%2Fg%2F11n3dycnm4!19sChIJQ_ohQgBZvEcR2xtpHKe-S6M?authuser=0&hl=de&rclk=1,2026-05-05T18:23:27Z,active,success,
0x47bc59f72c343207:0xfbf7fa3c1868e18b,burgerme Gießen,35390,,,,,50.5821971,8.6694836,,,false,,,,,,,https://www.google.com/maps/place/burgerme+Gie%C3%9Fen/data=!4m7!3m6!1s0x47bc59f72c343207:0xfbf7fa3c1868e18b!8m2!3d50.5821971!4d8.6694836!16s%2Fg%2F11yg_fth5t!19sChIJBzI0LPdZvEcRi-FoGDz69_s?authuser=0&hl=de&rclk=1,2026-05-05T18:53:35Z,,error,context canceled; overview error: context canceled
0x47bc58c2e8cf2373:0xfa18447b16fc152d,immergrün,35390,,,,,50.5872754,8.6706312,,,false,,,,,,,https://www.google.com/maps/place/immergr%C3%BCn/data=!4m7!3m6!1s0x47bc58c2e8cf2373:0xfa18447b16fc152d!8m2!3d50.5872754!4d8.6706312!16s%2Fg%2F1tdxpkmd!19sChIJcyPP6MJYvEcRLRX8FntEGPo?authuser=0&hl=de&rclk=1,2026-05-05T19:10:44Z,,error,context canceled; overview error: context canceled
0x47bc5963648a5f97:0x1e6d24ac7e93182c,kensho giessen,35390,,,,,50.5852069,8.6735448,,,false,,,,,,,https://www.google.com/maps/place/kensho+giessen/data=!4m7!3m6!1s0x47bc5963648a5f97:0x1e6d24ac7e93182c!8m2!3d50.5852069!4d8.6735448!16s%2Fg%2F11r949b2dv!19sChIJl1-KZGNZvEcRLBiTfqwkbR4?authuser=0&hl=de&rclk=1,2026-05-05T19:06:02Z,,error,context canceled; overview error: context canceled
0x47bc59fc74daee31:0x664c53867facb2f,milk & sugar,35390,,4.7,194,Bar / Kneipe,50.5850834,8.6716904,,,false,,,,,,,https://www.google.com/maps/place/milk+%26+sugar/data=!4m7!3m6!1s0x47bc59fc74daee31:0x664c53867facb2f!8m2!3d50.5850834!4d8.6716904!16s%2Fg%2F11n0dcl7s6!19sChIJMe7adPxZvEcRL8v6ZzjFZAY?authuser=0&hl=de&rclk=1,2026-05-05T18:46:58Z,active,success,
0x47bc590ead723e4b:0xdda33dafad49b973,mood:9,35390,,4.6,215,Café / Konditorei,50.5838212,8.6711602,,,false,,,,,,,https://www.google.com/maps/place/mood:9/data=!4m7!3m6!1s0x47bc590ead723e4b:0xdda33dafad49b973!8m2!3d50.5838212!4d8.6711602!16s%2Fg%2F11m9yn8z08!19sChIJSz5yrQ5ZvEcRc7lJra89o90?authuser=0&hl=de&rclk=1,2026-05-05T18:47:17Z,active,success,
0x47bc58c17f88b2dd:0x9a40ccecbf1609a5,o-tone sessions,35390,,,,,50.5876531,8.6757473,,,false,,,,,,,https://www.google.com/maps/place/o-tone+sessions/data=!4m7!3m6!1s0x47bc58c17f88b2dd:0x9a40ccecbf1609a5!8m2!3d50.5876531!4d8.6757473!16s%2Fg%2F11j01h29jd!19sChIJ3bKIf8FYvEcRpQkWv-zMQJo?authuser=0&hl=de&rclk=1,2026-05-05T19:10:30Z,,error,context canceled; overview error: context canceled
0x47bc59f14b13981d:0xf2e772f7839bc171,supercafé,35390,,,,,50.5785391,8.6721734,,,false,,,,,,,https://www.google.com/maps/place/supercaf%C3%A9/data=!4m7!3m6!1s0x47bc59f14b13981d:0xf2e772f7839bc171!8m2!3d50.5785391!4d8.6721734!16s%2Fg%2F11vwc7s45j!19sChIJHZgTS_FZvEcRccGbg_dy5_I?authuser=0&hl=de&rclk=1,2026-05-05T19:06:52Z,,error,context canceled; overview error: context canceled
0x47bc58ddbe63d3d1:0x9b103e21e63d33d4,who killed the pig,35390,,,,,50.5873594,8.6639431,,,false,,,,,,,https://www.google.com/maps/place/who+killed+the+pig/data=!4m7!3m6!1s0x47bc58ddbe63d3d1:0x9b103e21e63d33d4!8m2!3d50.5873594!4d8.6639431!16s%2Fg%2F11gd87q4wn!19sChIJ0dNjvt1YvEcR1DM95iE-EJs?authuser=0&hl=de&rclk=1,2026-05-05T18:57:16Z,,error,context canceled; overview error: context canceled
0x47bc5987f30688fb:0x547b9c396aed08d4,İzmir Döner,35390,,,,,50.5872298,8.6707506,,,false,,,,,,,https://www.google.com/maps/place/%C4%B0zmir+D%C3%B6ner/data=!4m7!3m6!1s0x47bc5987f30688fb:0x547b9c396aed08d4!8m2!3d50.5872298!4d8.6707506!16s%2Fg%2F11sszb6t1n!19sChIJ-4gG84dZvEcR1Ajtajmce1Q?authuser=0&hl=de&rclk=1,2026-05-05T18:57:36Z,,error,context canceled; overview error: context canceled
0x47bc59b9880268b7:0x6fb14d72e6b7da6b,البيت السوري Ori Grill Resturant,35390,,,,,50.5802609,8.6640065,,,false,,,,,,,https://www.google.com/maps/place/%D8%A7%D9%84%D8%A8%D9%8A%D8%AA+%D8%A7%D9%84%D8%B3%D9%88%D8%B1%D9%8A+Ori+Grill+Resturant%E2%80%AD/data=!4m7!3m6!1s0x47bc59b9880268b7:0x6fb14d72e6b7da6b!8m2!3d50.5802609!4d8.6640065!16s%2Fg%2F11fnd04_wc!19sChIJt2gCiLlZvEcRa9q35nJNsW8?authuser=0&hl=de&rclk=1,2026-05-05T18:56:28Z,,error,context canceled; overview error: context canceled
